-- phpMyAdmin SQL Dump
-- version 4.6.4
-- https://www.phpmyadmin.net/
--
-- Host: 127.0.0.1
-- Generation Time: May 06, 2017 at 11:04 AM
-- Server version: 5.7.14
-- PHP Version: 5.6.25

SET SQL_MODE = "NO_AUTO_VALUE_ON_ZERO";
SET time_zone = "+00:00";


/*!40101 SET @OLD_CHARACTER_SET_CLIENT=@@CHARACTER_SET_CLIENT */;
/*!40101 SET @OLD_CHARACTER_SET_RESULTS=@@CHARACTER_SET_RESULTS */;
/*!40101 SET @OLD_COLLATION_CONNECTION=@@COLLATION_CONNECTION */;
/*!40101 SET NAMES utf8mb4 */;

--
-- Database: `project`
--

-- --------------------------------------------------------

--
-- Table structure for table `ar_internal_metadata`
--

CREATE TABLE `ar_internal_metadata` (
  `key` varchar(255) CHARACTER SET utf8 COLLATE utf8_unicode_ci NOT NULL,
  `value` varchar(255) COLLATE utf8mb4_unicode_ci DEFAULT NULL,
  `created_at` datetime NOT NULL,
  `updated_at` datetime NOT NULL
) ENGINE=InnoDB DEFAULT CHARSET=utf8mb4 COLLATE=utf8mb4_unicode_ci;

--
-- Dumping data for table `ar_internal_metadata`
--

INSERT INTO `ar_internal_metadata` (`key`, `value`, `created_at`, `updated_at`) VALUES
('environment', 'development', '2017-03-18 08:59:56', '2017-03-18 08:59:56');

-- --------------------------------------------------------

--
-- Table structure for table `binhluans`
--

CREATE TABLE `binhluans` (
  `id` int(11) NOT NULL,
  `content` varchar(255) COLLATE utf8mb4_unicode_ci DEFAULT NULL,
  `truyen_id` int(11) DEFAULT NULL,
  `user_id` text COLLATE utf8mb4_unicode_ci NOT NULL,
  `created_at` datetime NOT NULL,
  `updated_at` datetime NOT NULL
) ENGINE=InnoDB DEFAULT CHARSET=utf8mb4 COLLATE=utf8mb4_unicode_ci;

-- --------------------------------------------------------

--
-- Table structure for table `finalrates`
--

CREATE TABLE `finalrates` (
  `id` int(11) NOT NULL,
  `truyen_id` int(11) DEFAULT NULL,
  `rate` float DEFAULT NULL,
  `number` int(11) DEFAULT NULL,
  `created_at` datetime NOT NULL,
  `updated_at` datetime NOT NULL
) ENGINE=InnoDB DEFAULT CHARSET=utf8mb4 COLLATE=utf8mb4_unicode_ci;

--
-- Dumping data for table `finalrates`
--

INSERT INTO `finalrates` (`id`, `truyen_id`, `rate`, `number`, `created_at`, `updated_at`) VALUES
(2, 1, 3.5, 1, '2017-05-06 02:15:14', '2017-05-06 02:26:43'),
(3, 2, 5, 1, '2017-05-06 02:15:29', '2017-05-06 02:26:49'),
(4, 3, 4.5, 1, '2017-05-06 02:15:34', '2017-05-06 02:26:30'),
(5, 4, 5, 1, '2017-05-06 02:15:49', '2017-05-06 02:26:37'),
(6, 5, 0, 0, '2017-05-06 02:15:54', '2017-05-06 02:15:54'),
(7, 6, 0, 0, '2017-05-06 02:15:59', '2017-05-06 02:15:59'),
(8, 7, 0, 0, '2017-05-06 02:16:03', '2017-05-06 02:16:03'),
(9, 8, 4.5, 1, '2017-05-06 02:16:09', '2017-05-06 07:04:01'),
(10, 9, 2.5, 1, '2017-05-06 02:16:14', '2017-05-06 06:55:16'),
(11, 10, 2.5, 1, '2017-05-06 02:16:25', '2017-05-06 02:27:04');

-- --------------------------------------------------------

--
-- Table structure for table `ratings`
--

CREATE TABLE `ratings` (
  `id` int(11) NOT NULL,
  `truyen_id` int(11) DEFAULT NULL,
  `user_id` int(11) DEFAULT NULL,
  `rate` float DEFAULT NULL,
  `created_at` datetime NOT NULL,
  `updated_at` datetime NOT NULL
) ENGINE=InnoDB DEFAULT CHARSET=utf8mb4 COLLATE=utf8mb4_unicode_ci;

--
-- Dumping data for table `ratings`
--

INSERT INTO `ratings` (`id`, `truyen_id`, `user_id`, `rate`, `created_at`, `updated_at`) VALUES
(34, 3, 6, 4.5, '2017-05-06 02:26:30', '2017-05-06 02:26:30'),
(35, 4, 6, 5, '2017-05-06 02:26:37', '2017-05-06 02:26:37'),
(36, 1, 6, 3.5, '2017-05-06 02:26:43', '2017-05-06 02:26:43'),
(37, 2, 6, 5, '2017-05-06 02:26:48', '2017-05-06 02:26:48'),
(38, 10, 6, 2.5, '2017-05-06 02:27:03', '2017-05-06 02:27:03'),
(39, 9, 6, 2.5, '2017-05-06 06:55:16', '2017-05-06 06:55:16'),
(40, 8, 6, 4.5, '2017-05-06 07:04:01', '2017-05-06 07:04:01');

-- --------------------------------------------------------

--
-- Table structure for table `schema_migrations`
--

CREATE TABLE `schema_migrations` (
  `version` varchar(255) CHARACTER SET utf8 COLLATE utf8_unicode_ci NOT NULL
) ENGINE=InnoDB DEFAULT CHARSET=utf8mb4 COLLATE=utf8mb4_unicode_ci;

--
-- Dumping data for table `schema_migrations`
--

INSERT INTO `schema_migrations` (`version`) VALUES
('20170318061534'),
('20170318061554'),
('20170320143517'),
('20170321070528'),
('20170329115643'),
('20170501070548'),
('20170506005823');

-- --------------------------------------------------------

--
-- Table structure for table `theloais`
--

CREATE TABLE `theloais` (
  `id` int(11) NOT NULL,
  `title` text COLLATE utf8mb4_unicode_ci,
  `created_at` datetime NOT NULL,
  `updated_at` datetime NOT NULL
) ENGINE=InnoDB DEFAULT CHARSET=utf8mb4 COLLATE=utf8mb4_unicode_ci;

--
-- Dumping data for table `theloais`
--

INSERT INTO `theloais` (`id`, `title`, `created_at`, `updated_at`) VALUES
(1, 'Truyện Ngắn', '2017-03-18 06:24:27', '2017-03-18 06:24:27'),
(2, 'Truyện Ngụ Ngôn', '2017-03-18 06:24:27', '2017-03-18 06:24:27'),
(3, 'Truyện Cổ Tich', '2017-03-18 06:24:27', '2017-03-18 06:24:27'),
(4, 'Truyện Cười', '2017-03-21 04:54:10', '2017-03-21 04:54:10');

-- --------------------------------------------------------

--
-- Table structure for table `truyens`
--

CREATE TABLE `truyens` (
  `id` int(11) NOT NULL,
  `name_vn` text COLLATE utf8mb4_unicode_ci,
  `name_en` text COLLATE utf8mb4_unicode_ci,
  `content_vn` text COLLATE utf8mb4_unicode_ci,
  `content_en` text COLLATE utf8mb4_unicode_ci,
  `image` varchar(255) COLLATE utf8mb4_unicode_ci DEFAULT NULL,
  `theloai_id` int(11) DEFAULT NULL,
  `created_at` datetime NOT NULL,
  `updated_at` datetime NOT NULL
) ENGINE=InnoDB DEFAULT CHARSET=utf8mb4 COLLATE=utf8mb4_unicode_ci;

--
-- Dumping data for table `truyens`
--

INSERT INTO `truyens` (`id`, `name_vn`, `name_en`, `content_vn`, `content_en`, `image`, `theloai_id`, `created_at`, `updated_at`) VALUES
(1, 'CÒN THƯƠNG', 'STILL LOVING', 'Tôi đến thăm ông Hoành. Vào cổng, một biển báo lạ trên tường đập vào mắt: Xin đừng khóc tôi!\n“Đúng là giọng của ảnh,”  - Tôi nghĩ.\nDù vậy tiếng khóc rưng rức từ trong nhà vẫn vẳng đến tai. Mấy tháng rồi ông Hoành nằm liệt với bệnh ung thư gan.\nNhớ lần thăm trước, khi nhìn lên giá sách, nơi có những cuốn sách và tạp chí đăng bài viết về ông, tôi nói tiếc là tôi chưa có dòng nào về ông. Ông Hoành mỉm cười, đáp với giọng đã yếu, “Vậy là may cho mày, cho tao, và cho cả bạn đọc.”.\nLần này, khi tôi đến, đã có trên mười người thân đứng quanh giường ông Hoành.\nNhận ra nữ bác sĩ chăm sóc sức khỏe cho ông là người quen, tôi hỏi bệnh tình thế nào, cô lắc đầu bảo khó lòng qua khỏi ngày hôm nay.\n“Ảnh mới năm mươi sáu,” cô thở dài.\nNhìn quanh, tôi cay đắng khi không thấy một số quan chức thành phố vốn là thuộc cấp của ông Hoành, từng cùng vào sinh ra tử thời chiến tranh. Sau bảy lăm nhiều nhà báo nhà văn đã săn tìm ông. Chuyện về người anh hùng thời chiến tràn ngập trên báo chí. Ông còn là nguyên mẫu của vài cuốn truyện. Vậy mà lúc này chẳng thấy nhà văn, nhà báo nào đến tiễn biệt nhân vật của họ.\nCũng không có gì bất ngờ. Quan chức và báo chí từ lâu đã giữ khoảng cách với ông Hoành. Trong mắt họ ông đã là kẻ ‘bất đồng’, ảnh hưởng xấu đến tiền đồ của họ. Quanh ông lúc này ngoài người nhà chỉ có vài người bạn thiết.\nChuyện ông Hoành đánh giặc nghe như huyền thoại. Tuy nhiên, tôi được biết ít nhiều đời thực của ông qua vài thành viên biệt động, những người ông chỉ huy trước đây. Theo họ, chiến công của ông vang dội cả nước. Ông thâm nhập đồn trại Mỹ như bóng ma. Đôi khi ông còn đóng vai thương gia lui tới các khách sạn, sàn nhảy tìm cách giao du quan chức Sài Gòn để nắm tình hình. Trên mặt trận đó ông gặp Nhi, một gái nhảy có nhan sắc, rồi đem lòng yêu. Cô có với ông một bé gái trước khi biết ông là ai. Ngày đầy tuổi con, ông nói với cô sự thật. Cô chấp nhận số phận, chia sẻ cuộc sống nguy hiểm của ông, thậm chí cùng ông tham gia những trận đánh liều lĩnh.\nNăm bảy hai ông Hoành gặp đối thủ đáng gờm vừa qua hai năm huấn luyện phản gián ở Mỹ. Ông quyết định dùng “mỹ nhân kế” khi tên này phát hiện ba cơ sở bí mật của ông trong vòng một tháng, và Nhi được chọn làm “mồi nhử”. Cô tiếp cận tay phản gián ở sàn nhảy để thu thập thông tin các trận càn.\nĐó cũng là lúc Nhi phải chia tay chồng. Ông Hoành được lệnh ra Hà Nội dự khóa tập huấn đặc biệt, và ông không thể biết mình chỉ có thể trở lại miền Nam trong chiến dịch xuân bảy lăm. Về thành, ông lập tức tìm vợ con khắp nơi, vào tận Cần Thơ quê vợ, nhưng không đâu có dấu vết.\nTrong khi đó, những người biết chuyện xầm xì rằng Nhi đã có một bé trai với “con mồi” của cô nên cô chẳng dám gặp lại ông Hoành. Sau khi âm thầm tìm kiếm thông tin ở các trại cải tạo, ông tin rằng gã phản gián đã thoát sang Mỹ và đưa theo Nhi cùng hai con.\nTừ đó, ông Hoành lao vào công việc, mong chôn chặt được ký ức đau buồn. Tuy nhiên, không khí ở cơ quan không mang lại niềm khuây khỏa. Ngày càng xuất hiện những “ông quan cách mạng”. Thế là ông đấu. Nhưng rốt cuộc ông bị chính những kẻ này quy chụp là ‘phá bĩnh’, là ‘bất đồng’. Như một người thất chí, ông sa vào rượu và thuốc lá, cho đến một ngày bác sĩ chăm sóc sức khỏe của ông lắc đầu, “Đồng chí ơi, lá gan đồng chí hỏng rồi!”\nTrong những người có mặt bên ông Hoành, tôi bị thu hút bởi một vị mặc cà sa phái Nam tông mà mọi người gọi là Tâm Quán thiền sư. Ông đến đây không để tụng kinh mà chia tay người bạn, là đồng đội một thời. Nhiều người biết Tâm Quán cũng là nhân vật huyền thoại trong chiến tranh, nhưng ông đã giữ im lặng về chiến công của mình. Có lần ông Hoành cho tôi biết đôi điều về Tâm Quán. Và chừng ấy đủ để thêu dệt bao nhiêu là chuyện ly kỳ hấp dẫn.\nTâm Quán là pháp danh nhà Phật, tên thật của ông là Thái. Năm năm tư, khi Hiệp định Genève có hiệu lực, ông được tổ chức giao nhiệm vụ quan trọng. Thay vì cùng đồng đội tập kết ra Bắc, ông quay về ngôi chùa từng sống thời niên thiếu để hoạt động công khai giữa lòng địch. Cứ tưởng thủ vai nhà sư chỉ trong hai năm, nhưng Hiệp định Genève bị phá vỡ, “vở kịch” đã kéo dài mười lần hơn, những hai mươi năm.\nNgôi chùa của Tâm Quán là cơ sở an toàn của biệt động trong suốt cuộc chiến. Mỗi lần địch càn rát ông Hoành lại nấp trong tượng Phật rỗng ruột. Đôi khi, địch đóng quân ngay giữa vườn chùa, Tâm Quán phải đợi tới nửa đêm mới có thể mang cơm cho ông và nhận chỉ thị của ông đưa ra ngoài.\nSau bảy lăm, Tâm Quán từ bỏ mọi đặc quyền của một cán bộ nằm vùng có công và quyết định ở lại ngôi chùa. “Vai kịch” trong chừng đó năm phục vụ sự nghiệp độc lập đất nước đã khiến ông “chết vai” nhà sư, không còn đường quay lại con người cũ. Ông không biết chắc đó là bi kịch hay là một khởi đầu.\nLúc này Tâm Quán đang ngồi bên đồng đội năm xưa với đôi mắt lim dim, tay phải lần tràng hạt như đếm ngược thời gian hữu hạn của một cuộc đời trầm luân. Với cử chỉ tin cậy, ông Hoành khẽ đặt tay mình vào lòng tay trái của nhà sư.\nMọi người mở đường cho một người Mỹ đến thăm ông Hoành. Ông này ở lại Việt Nam trong thời gian giám sát một dự án đầu tư, và trở thành hàng xóm của ông Hoành. Nhớ cái ngày người Mỹ xuất hiện ở nhà bên cạnh, ông Hoành buồn ra mặt. Ông gọi tôi đến nhà nhậu một trận. Khi chúng tôi cạn chai Vodka, ông nói: “Hồi chiến tranh, tao bắn bỏ đứa nào dám bói cuối cùng tao sẽ làm hàng xóm với thằng Mỹ. Vậy mà mày xem, đã nhãn tiền chưa!”.\nÔng Hoành gật đầu khi người Mỹ nháy mắt, như thể họ đã vượt qua rào cản ngôn ngữ và cả quá khứ để đối xử với nhau như những người đàn ông.\nTừ ngoài cổng có tiếng trẻ con khóc. Một bé gái khoảng sáu tuổi vừa chạy vào phòng vừa gọi “Ông ơi, ông ở đâu?” bằng thứ tiếng Việt lơ lớ. Tiếp đó là một thiếu phụ mà mọi người đoán là mẹ đứa bé. Sau cùng là một người đàn ông trạc năm mươi.\nThiếu phụ dẫn con gái đến bên giường ông Hoành, quỳ sụp xuống, nói trong tiếng nấc, “Ba ơi, con gái bất hiếu của ba đây …”\nHai mẹ con ôm nhau, nước mắt ràn rụa.\nNgười đàn ông đứng phía sau, mái đầu hoa râm hơi cúi thấp.\nNhững vị khách như trên trời rơi xuống khiến căn phòng chìm vào khoảng lặng, tràn ngập cảm xúc lẫn lộn giữa mừng vui và bẽ bàng. Nhà sư đứng lên, chắp tay niệm Phật, rồi khẽ bước lùi nhường chỗ cho cuộc đoàn tụ muộn màng.\nÔng Hoành không phản ứng kịp với những gì diễn ra trước mặt. Ông nằm im trên giường, chỉ đôi mắt là sinh động và bị hút vào gương mặt thiếu phụ, trông giống hệt Nhi năm xưa, như thể ông đang sống lại thời gian đã đánh mất. Tiếng khóc của thiếu phụ kéo ông về thực tại. Ông đưa cánh tay run rẩy ra dấu cô đứng lên. Nhưng cô vẫn quỳ, hai tay đỡ bàn tay ông. Khi cô áp tay ông vào má, ông cảm nhận được độ ấm của nước mắt.\nNgười đàn ông tóc hoa râm không thể chờ thêm nữa, hắng giọng, “Anh Hoành ... Tôi dẫn con gái và cháu tôi từ California về thăm anh. Cũng là con anh, cháu anh đó. Xin lỗi vì không thể sớm hơn ...”\nLời nói xác nhận ông ta chính là kẻ thù của ông Hoành - trên chiến trường cũng như tình trường.\nÔng Hoành nhìn người đàn ông đứng trân trước mặt. Ban đầu, ánh mắt ông sắc lạnh như ánh thép lưỡi kiếm, rồi dịu dần cho đến khi thanh thản. Sau một hồi im lặng, ông mấp máy môi, “Nhi đâu?”\nBé gái chen vào, “Bà ngoại không về được, bà ốm phải vào bệnh viện. Bà khóc và dặn cháu về nói với ông là bà còn thương ông nhiều lắm!”.\nNước mắt trào ra từ đôi mắt người đang hấp hối. Bằng nỗ lực cuối, ông Hoành chỉ vào tai mình. Tưởng ông không nghe rõ, bé gái lặp lại điều vừa nói. Ông lắc đầu thì thầm, “Cháu ơi, lấy giúp ông …”\nBé gái nhìn kỹ cho đến khi hiểu ông muốn gì. Bằng những ngón tay nhỏ nhắn nó khều ra một mẩu giấy nhỏ hình tròn từ trong tai ông - chân dung của Nhi được cắt từ một tấm hình cũ.\nÔng Hoành cười mỉm, “Là thứ duy nhất ông mang theo …”\nCũng là lời cuối tôi nghe được từ người anh hùng một thời.', 'I had come to visit Mr Hoanh. As I entered the gate, a strange sign by the front door caught my attention. It read: Don’t cry for me!\n“That’s just like him,” I thought.\nDespite this, the sound of sobbing from inside the house reached my ears. For the last several months, Mr Hoanh had been dying of liver cancer.\nI remembered my previous visit, as I glanced at his bookshelf where he kept all the articles published about him, I said I felt sorry I had not included him in my own stories. With a smile, he replied weakly, “Lucky for you, me, and all your readers.”\nThis time, when I arrived, there were a dozen people standing over his bed.\nThe doctor who cared for him was an acquaintance of mine. When I asked after his health, she shook her head, doubting whether he would last the day.\n“He’s only fifty-six,” she said with a sigh.\nLooking around, I felt a sting of bitterness when I noticed the absence of several city officials, previously his subordinates, who had fought alongside him during the war. For the first  years after ’75, reporters and writers had hunted for news about Mr Hoanh, the war hero. Scores of articles showcasing his life flooded the papers—he was even featured in a few novels. But now, not one of them was here to pay last respects.\nThis wasn’t surprising. Politicians and press had distanced themselves for a while. In their eyes, he was a dissident, a pitfall to their future. The only ones around him now besides members of his family and some of his former comrades-in-arms.\nStories told about Mr Hoanh sounded more like legends; however, I learned something about the man from members of the task force who had worked under him in the past. According to them, his feats were once known throughout the whole country. He entered American camps unseen like a ghost. Sometimes, disguised as a businessman, he frequented hotels and dance halls to intercept news from Saigon officials. On one such occasion, Mr Hoanh met Nhi, a pretty dancing-girl, and fell in love. She had a daughter with him before finding out who he was. He had waited until the girl’s first birthday to tell his wife. Nhi accepted her fate and shared his dangerous life, even helping him carry out some bold attacks.\nIn ’72, Mr Hoanh met an opponent fresh from a two-year counter-intelligence course in the U.S. He decided to apply the ‘beauty trap’ after the agent had located his three task force bases within a month, and Nhi was the ‘bait’. She approached him at a dance hall and obtained information about the raids.\nAt this time, Nhi had to part with her husband. Mr Hoanh was called to Hanoi for special training, and had no idea he wouldn’t return until the spring of ’75. As soon as he moved back to the South, he searched everywhere for his family, including Can Tho, his wife’s hometown, but was unable to locate her or his daughter.\nMeanwhile, the rumor spread Nhi had had a son with her ‘prey’, and was too ashamed to face Mr Hoanh. After quietly gathering leads at re-education camps, he concluded the agent had escaped to the US with Nhi and the two children.\nEver since then, Mr Hoanh threw himself into his work to block out the painful memories of the past. However, the atmosphere in the office offered no respite. More and more degenerate cadres appeared. He struggled against them, but in the end, he was labelled a troublemaker and dissident. Filled with frustration, he turned to wine and tobacco until the day his doctor shook her head and exclaimed, “Comrade, your liver is ruined!”\nOut of those gathered round Mr Hoanh, I was drawn to a monk in an orange Buddhist robe, who I’d heard was master Tam Quan. He had come not to recite the scriptures, but to say farewell to his friend and comrade-in-arms. Lots of people knew Tam Quan was as a legendary member of special task force during the war, but he had kept silent about what he’d accomplished. On one occasion, Mr Hoanh told me a few things about him, which was enough to embellish a great many tales.\nTam Quan was only a dharma name; his real name was Thai. In ’54, after the Geneva Agreements were passed, he was entrusted with an important task. Instead of transferring to the North with his unit, he ended up residing in a pagoda where he had spent his childhood years, playing the role of a monk to engage in undercover operations in enemy territory. He thought the act would last for only two years, but when the Agreements were broken, the ‘drama’ extended tenfold to twenty long years.\nTam Quan’s pagoda served as a safehouse throughout the war. Each time the enemy launched an attack, Mr Hoanh hid in a hollow statue of Buddha. Sometimes, enemy troops even set up camp inside the pagoda, so at night, Tam Quan would secretly bring Mr Hoanh food and receive further instruction from him.\nAfter the war, Tam Quan refused all honors granted an agent of great achievement and remained at the pagoda instead. To win independence, he had adopted his role for so long, he had no way of returning to his old self. He didn’t know whether this was a tragedy or a beginning.\nAnd now Tam Quan sat with half-closed eyes beside his close friend, counting down the last moments of the sad life with a bodhi seed rosary in his right hand. In a gesture of confidence, Mr Hoanh gently placed his hand in Tam Quan’s left.\nThe small crowd gave way to an American man as he walked straight toward Mr Hoanh. He had lived in Vietnam for some time overseeing a project, and was Mr Hoanh’s neighbor. I remembered the day he moved in next door, Mr Hoanh was clearly upset. He called me to come to his house for a drinking bout. As we finished a bottle of vodka, he said, “During the war, I would have shot a man on the spot for saying I’d one day be neighbors with a Yank. But you see, now it’s happening before my eyes!”\nMr Hoanh nodded when the American winked, as if they had overcome both language and past to finally see each other as men.\nFrom outside the gate, a child’s voice could be heard. A girl of about six dashed through the door crying “Grandpa, where’re you?” in unclear Vietnamese. Next, a young woman appeared, who I guessed was her mother, alongside a middle-aged man.\nThe young woman led the girl to Mr Hoanh’s bed, then knelt down and sobbed, “Father, your undutiful daughter is here ...”\nShe and the girl then held each other in tears.\nThe man stood behind them, his grey-haired head slightly bowed.\nThe guests’ sudden arrival caused the room to fall silent, overwhelming those present with amazement and grief. Tam Quan stood up and pressed his palms together, invoked Buddha’s name, then slowly stepped back from the late reunion.\nMr Hoanh was slow to react to the scene before him. He lay motionless in bed; only his eyes remained lively, attracted by the young woman’s face, which looked exactly like Nhi’s long ago, as if he had been transported in time. Startled from his reverie by her sobs, he lifted his trembling hand, motioning the young woman to stand up. Instead, she continued to kneel and clasped his hand within hers. When she placed his palm against her cheek, he felt the warmth of her tears.\nThe grey-haired man couldn’t wait any longer. He cleared his throat and spoke up, “Brother Hoanh … I’ve brought my daughter and grandchild from California to see you. They are your family as well. I’m sorry for not coming sooner ...”\nThe man’s words revealed he was none other than Mr Hoanh’s rival—both in war and in love.\nMr Hoanh stared at the grey-haired man standing transfixed before him. At first, his glint was sharp as a blade, until he slowly resumed his peaceful gaze. After a pause, he moved his lips, “Where’s Nhi?”\nThe girl interrupted, “Grandma couldn’t come. She’s sick in the hospital. She cried and asked me to tell you she still loves you a lot!”\nTears overflowed from the dying man’s eyes. With one last effort, Mr Hoanh pointed to his ear. The girl thought he’d gone deaf, so she repeated herself. He shook his head. “Take it out, child …” he whispered.\nThe girl looked closely until she understood what he meant. With her tiny fingers, she grasped a small roll of paper from inside his ear—a portrait of Nhi cut from an old photo.\nMr Hoanh smiled, “The only thing I take with me …”\nThose were the last words I heard from the one-time hero.', 'https://unsplash.imgix.net/photo-1422022098106-b3a9edc463af?w=1024&q=50&fm=jpg&s=bbe0beb19ba846e0de37abd1f63acf13', 1, '2017-03-18 06:24:27', '2017-03-18 06:24:27'),
(2, 'Kẻ bạo ngược luôn tìm được lý lẽ cho hành động của chúng', 'The Wolf and the Lamb', 'Vào một sáng sớm, một chú Cừu non đang uống nước bên bờ suối trong rừng. Cùng lúc ấy, một con chó Sói tiến đến con suối để kiếm mồi. Chẳng mấy chốc nó đã nhìn thấy con cừu. Sói nghĩ ngay tới bữa tối. Tuy nhiên, thoáng nghĩ, sói muốn tìm ra một lý do gì đó để ăn thịt cừu.\n\nNó dữ dằn quát lớn Sao mày dám vầy vọc con suối của tao làm nó đục ngầu lên hết vậy! . Mày đáng bị trừng phạt nặng vì cái tội nghịch ngợm của mày!\n\nCon Cừu non run rẩy trả lời Nhưng, thưa ông,  xin ông đừng nổi giận! Con đâu có thể làm đục nước chỗ ông uống. Ông nhìn xem, ông đứng đầu dòng và con đứng cuối dòng.\n\nSói tức giận bẻ lại. Mà còn nữa, Tao đã nghe mày nói dối tao nhiều lần hồi năm ngoái!\n\nCừu non biện hộ: Làm sao con có thể nói dối ông được như thế?  Con mới sinh ra được 6 tháng thôi.\n\nSói nói Tao không quan tâm ,Nếu không phải là mày, thì là thằng cha mày!\n\nVà rồi chẳng nói thêm lời nào nữa, Sói liền vồ lấy chú Cừu non tội nghiệp và tha vào trong rừng. Trước khi chết, con cừu non than:\n\nKẻ bạo ngược luôn tìm được lý lẽ cho hành động của chúng.', 'Once upon a time a Wolf was lapping at a spring on a hillside, when, looking up, what should he see but a Lamb just beginning to drink a little lower down. \'There\'s my supper,\'\' thought he, \'if only I can find some excuse to seize it.\'\n\nThen he called out to the Lamb, \'How dare you muddle the water from which I am drinking?\'\n\n\'Nay, master, nay,\' said Lambikin; \'if the water be muddy up there, I cannot be the cause of it, for it runs down from you to me.\'\n\n\'Well, then,\' said the Wolf, \'why did you call me bad names this time last year?\'\'\n\n\'That cannot be,\'\' said the Lamb; \'I am only six months old.\'\n\n\'I don\'t care\' snarled the Wolf; \'if it was not you it was your father\'; and with that he rushed upon the poor little Lamb and ate her all up.  But before she died she gasped out:\n\nAny excuse will serve a tyrant', 'https://unsplash.imgix.net/photo-1422405153578-4bd676b19036?w=1024&q=50&fm=jpg&s=5ecc4c704ea97d85ea550f84a1499228', 2, '2017-03-18 06:24:27', '2017-05-05 11:45:08'),
(3, 'Vị thế có giá trị riêng của nó', 'Position has its value', 'Ngày xửa ngày xưa có một con dê đang kiếm cỏ gần ngôi nhà tranh của chủ nó. Bỗng đột nhiên, nó thấy một đám cỏ xanh mọc trên mái tranh. Quá thích thú, nó nhảy lên mái và bắt đầu gặm những chồi cỏ non trên đám cỏ.\r\n\r\nChợt có một con sói đên và nhìn thấy con dê, miệng nó bắt đầu thèm khát. Nhưng nó không thể lên được mái nhà. Vì vậy, nó rẽ đi để tìm con vài con mồi khác.\r\n\r\nCon dê nhìn thấy con sói liếm mép. Nó cười và nhìn con sói chế giễu con sói. Con sói sẽ không tha thứ cho sự nhạo báng này.\r\n\r\nTrong khi bỏ đi, con sói nhìn lại và nói "dê con, mày dám chế giễu tao nhưng đó là do chỗ mày đứng. Vị trí đó đã cho mày lợi thế nhất định"', 'Once upon a time a goat was grazing near her master\'s cottage. All of a sudden, she saw green grass growing on the roof of the cottage. Deciding to enjoy it, she leaped onto the roof and started browsing the green shoots of the grass.\r\n\r\nJust then a wolf came there and seeing the goat, his mouth started watering. But he was unable to get to the roof of the cottage. So, he turned to go away to look for some other prey.\r\n\r\nThe goat saw the wolf licking his chops. So, she laughed in her sleeves and looked at him with jeering eyes. The wolf being helpless had to tolerate this mockery.\r\n\r\nWhile walking away, the wolf looked up and said, "Young lady! Its not you who is mocking at me but it is the height at which you are standing. Your high position has given you your value." ', 'https://unsplash.imgix.net/photo-1422222948315-28aadb7a2cb8?w=1024&q=50&fm=jpg&s=cfeadbd7a991e58b553bee29a7eeca55', 2, '2017-03-21 04:38:19', '2017-03-21 04:38:19'),
(4, 'Đỉnh lũ, đỉnh triều', 'High flood, high tide', 'Miên nhìn vào mặt kính chịu lực của ô cửa lấy sáng hành lang tầng 16 khu chung cư còn đọng lấm tấm mưa đêm qua và thấy bóng mình mờ chồng lên hình nền một góc Sài Gòn cây xanh và ngói đỏ tươi tắn dưới kia trong nắng mai. Đã dành chút thời gian ở bàn phấn nhưng cô có thói quen dừng mấy giây trước khuôn kính kích thước lớn này để soi thoáng trước khi bước vào thang máy, dù ở đó các nguồn sáng khác nhau khiến mọi hình ảnh đan xen như một tác phẩm sắp đặt.\r\nBước vào buồng thang máy, Miên thấy chỉ có mình ở đó và đưa tay bấm nút B tầng hầm để xe như một phản xạ. Thay vì tập trung suy ngẫm ý kiến sẽ phát biểu tại cuộc họp cải tổ tờ báo mà Miên biết sẽ gây tranh cãi, cô lại vướng câu hỏi chợt nảy ra khi ô cửa lấy sáng ngoài hành lang vừa khuất sau hai lá cửa thép xám lạnh khép chặt: “Không mở ra đóng vào được thì có gọi là cửa không? Hay chỉ cần là phương tiện mở tầm nhìn ra bên ngoài hoặc vào bên trong đã là cửa?” Cảm giác thiêu thiếu cái gì như câu đố và phải một lát lời  giải mới vụt hiện khi Miên nhận ra nếu có Khoa bên cạnh câu hỏi của cô sẽ được giải đáp, nghiêm túc hoặc bỡn cợt bằng giọng điệu mỉa mai riêng anh, nhưng chắc chắn sẽ khiến cô mỉm cười. Chuỗi số điện tử màu xanh ngọc hiển thị hành trình thang máy trôi vô nghĩa trước mắt Miên, 12… 11… 10… và chỉ khiến cô nhận ra khi nó dừng ở số 7. Hai người lạ bước vào buồng, dù khoảng trên ba mươi như Miên nhưng có vẻ là đôi tình nhân hơn vợ chồng qua cái cách nắm tay và ánh mắt gửi gắm lắm điều. Với một ý nghĩ bất chợt, cô bấm nhanh nút tầng 5, nơi có căn hộ của Khoa.\r\nThất vọng khi bắt gặp trang giấy in thông báo số chữ điện, nước dán trên cánh cửa không gắn mắt kính quan sát, nhưng rồi Miên nhẹ nhõm thấy mình vừa thoát tình huống bốc đồng dành cho người chồng ly thân. Đã gần nửa năm nay Khoa rút về căn hộ cũ, nơi chỉ dành làm văn phòng của anh sau khi cưới Miên. Cô dễ dàng hình dung nụ cười tủm khủng khỉnh dưới hàng ria đẫm mùi thuốc lá khi chủ nhân căn hộ mở cửa. Thời gian tình nhân của hai người kéo dài hơn ba năm và Khoa luôn biết chính xác khi nào Miên đến với anh. Hôm chia tay, trước khi kéo va-li ra hành lang, Khoa ngoảnh lại hỏi một câu dễ ghét: “Tụi mình chung sống đủ lâu để quên đi vài thứ, có cần anh nhắc ám hiệu gõ cửa dành riêng cho em?” Lúc đó Miên đã cao giọng: “Chưa biết ai cấp cứu ai!”\r\nGiờ thì Miên bật cười nhớ nhịp gõ Khoa quy định: ba nhanh… ba chậm… ba nhanh… – tích tích tích… tè tè tè… tích tích tích... – S.O.S – cấp cứu.\r\nBước vào buồng thang máy, điện thoại reo. Miên nhận ra giọng Luân.\r\n“Dạ không kịp rồi, em có cuộc họp sáng nay.” Nói xong, Miên cảm giác như vừa tự hủy niềm vui có quyền được nhận và ái ngại cho người bị từ chối, người kiên nhẫn tìm cơ hội gần gũi, lấp đầy khoảng trống của cô. Gần đây, lấy đủ thứ cớ có thể nghĩ ra Miên từ chối hầu hết những lần Luân mời đi ăn, đi nghe nhạc. Có lẽ tình trạng này bắt đầu từ hôm hai người tình cờ gặp Khoa ở tiệc chiêu đãi của Lãnh sự quán Hoa Kỳ. Miên thấy mình thật kỳ cục khi cứ lúng ta lúng túng như bị bắt quả tang ngoại tình không bằng, và càng cáu bởi điều đó diễn ra trước nụ cười tủm của Khoa. Cô chỉ nhẹ nhõm đôi chút khi anh chủ động ngang qua sảnh lớn mời cô nhảy. Bản valse kết thúc, Khoa chỉ kịp khẽ chào Miên, rồi vừa nghe điện thoại vừa đi nhanh ra cửa. Phần còn lại của bữa tiệc trở nên gắng gượng, và từ hôm đó hai người chưa gặp nhau.\r\n*\r\nTiếng mưa quật xuống mái tôn đánh thức Khoa.\r\nThế là mưa dữ dội suốt đêm, anh nghĩ khi vừa kịp nhớ ra mình đang nằm giữa chòi canh, nơi nghỉ chân trong những chuyến săn ảnh động vật hoang dã. Đưa tay nhìn đồng hồ dạ quang. 2 giờ rưỡi sáng. Khoa kéo dây khóa túi ngủ lên tận cằm chống cái rét, trở mình tìm tư thế có thể quay lại giấc ngủ. Sàn lát bằng cây lồ ô phát tiếng răng rắc dưới lưng. Phải bảo Điểu Keng dựng cái mới thôi, anh nghĩ. Rồi lan man nghĩ  tiếp  chuyện  này  chuyện  nọ mà chẳng chuyện nào thật sự vui cũng như không buồn tới mức trằn trọc cữ này. Bỗng tiếc đầu hôm đã từ chối đề nghị ở lại cho có bạn của Điểu Keng. Lúc ấy anh chỉ muốn một mình, sự có mặt của người đàn ông Stiêng tốt bụng chỉ vướng thôi, nhất là Kiki sẽ không dám đến gần chòi canh như anh đang mong.\r\nLại rút tay ra khỏi túi ngủ, nhìn đồng hồ, 3 giờ mười. Mưa như lớn hơn, bắt đầu nghe nước dột tong tỏng đâu đó. Khoa quyết định dậy hẳn, xếp củi vào bếp. Từ đống than phủ tro trắng mỏng đột ngột bật lên ngọn lửa bé bằng hạt đậu, rồi cao dần và uốn éo như đầu con rắn đang nghe ngóng chung quanh. Lát sau thì cả bầy rắn lửa bùng lên nhảy múa. Sáng và ấm hẳn. Mưa chán thật nhưng giúp anh cắt đứt hy vọng Kiki tìm đến. Nhớ hôm đem nó trả vào rừng, Điểu Keng phải giở đủ trò hù dọa con khỉ nhỏ mới không dám chạy theo ôm cứng chân anh, chí chóe kêu khóc. Sau đó, trên đường quay về, khi hai người lội đến giữa suối, Điểu Keng ngoái lại, quan sát một lúc rồi chỉ tay lên ngọn cây gõ phía xa. Anh nhìn theo, nhận ra Kiki. Lần đầu tiên leo trèo thật sự, nó run rẩy vụng về, nhưng vẫn cố lên cao hết mức, để có thể dõi theo bước anh đi. Anh vội nâng máy ảnh nhà nghề, ghi nhanh loạt hình cuối cùng về Kiki trước khi quày quả quay đi, cố giấu không cho Điểu Keng thấy hai mắt mình rưng rưng.\r\nTối đó anh thao thức. Hôm mua con khỉ tí hon khỏi tay gã nấu cao anh đã nuôi ý định mang trả nó về rừng, nhưng không ngờ chuyện trở nên phức tạp hơn anh nghĩ sau chừng ấy thời gian quấn quýt với nhau. Đang lan man bỗng nghe tiếng rên rỉ ngoài cửa chòi. Kiki! Anh mừng rỡ lao ra bế nó vào trong, lấy chăn bông lau khô bộ lông cho nó, rồi cùng sưởi ấm bên bếp lửa cho đến lúc ngủ thiếp. Mờ sáng hôm sau Kiki kêu hốt hoảng, chui vào lòng anh tìm kiếm sự che chở khi nhận ra bước chân Điểu Keng đến gần. Người đàn ông Stiêng lắc đầu khi nghe anh bảo đành phải đưa con khỉ trở lại Sài Gòn.\r\n“Mày ạ, tại nó chưa nhận ra nó là của rừng,” Điểu Keng chậm rãi nói. “Một ngày nào đó nó thà chết ở đây hơn sống giữa phố xá.”\r\nCuối cùng Điểu Keng cũng thuyết phục được Khoa giao Kiki cho ông để sau đó tiếp tục kế hoạch dở dang. Và ông bắt anh hứa không trở lại ‘quấy rối’ trong khoảng thời gian đủ cho Kiki hòa nhập đàn khỉ, thật sự thuộc về rừng.\r\nVà sáng nay Khoa lên đường ngay sau khi nhận được cú gọi chờ đợi khá lâu. Sau cơm trưa anh hồi hộp theo Điểu Keng vào rừng tiếp cận gia đình mới của Kiki. Cách chưa tới hai mươi mét nhưng anh không thể nhận ra con khỉ của mình ở đâu giữa đàn khỉ mấy chục con lấp ló trong tán lá. Cũng không có dấu hiệu nó muốn xuất hiện khi anh rời chỗ nấp, dùng tay bắc loa gọi tên. Trái lại tiếng người chỉ khiến đàn khỉ nháo nhác gọi nhau chuyển nhanh lên một sườn đá dựng đứng, mất hút trong um tùm lá. Trên đường về, biết tâm trạng mâu thuẫn của bạn, mừng mà buồn, buồn man mác, Điểu Keng nghiêng ngó trời đất nói lảng: “Mây che hết núi rồi, tối này mày về nhà tao cho ấm nhé.”\r\nKhoa lắc đầu.\r\n“… Vậy tao ở lại cho mày có bạn.” Điểu Keng tiếp tục quan tâm đến bạn khi hai người kết thúc cuộc rượu ở chòi canh bên sườn núi và cách làng gần một giờ đi bộ.\r\nKhoa lại lắc đầu nói cám ơn.\r\nTiếng động từ xa và trên cao kéo Khoa khỏi dòng hồi ức.\r\nKhông phải dấu hiệu xuất hiện của Kiki anh đang mong. Âm thanh đùng đoàng và mặt đất rung lên thế này chỉ có thể là voi, thậm chí cả bầy voi đang theo sườn núi lao xuống với tốc độ khủng khiếp. Bếp lửa bỗng nổ tung như pháo hoa, rồi tắt ngóm gần như cùng lúc. Dòng suối nhỏ đã thành con thuồng luồng nước khổng lồ dâng tràn hai bờ vừa đập tan chòi canh trên đường đi điên cuồng hung hãn của nó.\r\n*\r\nCuộc họp cán bộ chủ chốt không dễ tìm được tiếng nói chung giữa chuyên môn và phát hành, giữa đột phá và an toàn. Bầu không khí có phần căng thẳng chỉ được hóa giải bởi một nhân vật anh em trong tòa soạn thường gọi sau lưng là ‘Lão Ngoan Đồng’ – nhân vật ngây ngô trẻ mãi không già trong truyện kiếm hiệp của Kim Dung. Vị này đã hưu trí, nhưng tòa báo hợp đồng với ông chân trợ lý tổng biên tập. Ông góp ý với buổi họp là khoan bàn đại sự, mà hãy đi từ việc tưởng chừng vặt vãnh, như chuyện chữ nghĩa trên mặt báo hàng ngày.\r\n“Cả nước chưa có chuẩn chính tả, thì ta phải xây dựng chuẩn của báo ta trước. Hiện nay, không chỉ phóng viên, mà biên tập viên cũng xài từ không theo chuẩn nào hết. Như khái niệm mười năm, nhiều người lẫn lộn giữa ‘thập kỷ’ với ‘thập niên’, không thèm biết một ‘kỷ’ theo lịch Đông là 60 năm, còn lịch Tây những 100 năm. Lại còn nạn nghèo chữ, hàng chục tờ báo in, báo mạng ngày nào cũng lặp lại những ‘đắng lòng’, ‘gây sốt’, ‘lộ hàng’…”\r\nMọi người được trận cười giải lao.\r\nĐến đấy thì Miên nhận được tin nhắn từ phòng thư ký tòa soạn, cô đứng lên xin phép chủ tọa đi làm tin nóng đột xuất.\r\n“Cộng tác viên cho biết rạng sáng nay ở Cát Tiên xảy ra lũ quét, thiệt hại nhất trong vòng 20 năm.” Phó ban thời sự nói khi trao Miên bản in bức thư điện tử.\r\nMiên đọc, “Hồ thủy điện xả lũ có tác động trong việc làm tăng thiệt hại.” Rồi cô ngửng lên, phân công một phóng viên đi ngay Cát Tiên, “Phối hợp với cộng tác viên, khai thác yếu tố xả lũ, thấy ô-kê sẽ triển khai cover, chú ý ảnh.”\r\nBỗng ai đó cắt ngang, “Khó rồi chị Miên ơi, xem VTV kìa.”\r\nVTV đang đưa hình ảnh nước sông Đồng Nai dâng tràn bờ, tuyến đường 721 sạt lở nặng, tạm thời gián đoạn giao thông, ngăn cắt vùng rốn lũ.\r\nMiên không bỏ cuộc, “Tôi quen phó chủ tịch huyện, biết đâu ổng có cách đưa người mình vào được.”\r\nCô bật loa ngoài điện thoại di động để mọi người cùng nắm  việc. Kẻ gọi chưa kịp lên tiếng thì người nhận đã nóng sốt:\r\n“Miên hả? Đừng quá lo, bọn anh đang cho người tìm thằng Khoa.”\r\nMiên lặng người.\r\nAnh em phóng viên chung quanh dừng hết việc đang làm, ái ngại theo dõi cuộc điện đàm.\r\n“Anh ơi, có cách gì giúp bọn em vào hiện trường?” Miên sực nhớ mục đích cuộc gọi.\r\n“Phải đợi thông đường, sớm nhất là tối nay mới vào được.”\r\n“Sao anh biết có Khoa ở đó?”\r\n“Lần nào lên đây nó chẳng vứt ô tô ở sân ủy ban trước khi theo Honda trưởng thôn Điểu Keng chạy vào trỏng? Anh em vừa báo không thấy nó đâu, trạm cứu thương cũng không. Giờ túi bụi lắm, có gì mới sẽ gọi lại, nhé…”\r\n“Chị cứ tìm cách liên lạc anh Khoa, mọi việc ở đây để tôi giải quyết”, Phó ban lên tiếng khi thấy Miên đứng sững.\r\nVề tới phòng mình, Miên tựa lưng vào cánh cửa vừa đóng, bưng miệng khóc. Giật mình nhớ việc cần làm, cô lóng ngóng với chiếc điện thoại nhòe nước mắt. Mấy lần gọi Khoa chỉ nhận mỗi một câu vô cảm “số thuê bao này tạm thời không liên lạc được”. Nhưng chưa bao giờ Miên thấy khái niệm ‘tạm thời’ lại có thể giúp cô nuôi hy vọng đến thế. Bỗng chuông điện thoại reo, cô liếc thấy số của ông phó chủ tịch huyện.\r\n“Gặp Khoa rồi hả anh?” Miên kêu lên.\r\nĐầu giây bên kia im lặng. Vài giây im lặng đó đủ chôn Miên vào trăm năm kinh sợ.\r\n“A lô? Nói cho em biết đi, Khoa thế nào rồi…, hả anh?” Miên nói giọng run rẩy.\r\n“Anh đây… Khoa đây…”\r\nĐến lượt Miên im lặng. Im lặng cho đến khi vui mừng cực điểm không còn chèn cứng cổ họng cô mới bật ra thành lời.\r\n“Quỷ sứ, làm em hết hồn!”\r\nRồi cô đổi giọng sau một hồi tiếp tục im lặng, “Khoa à, chụp cho em một sê-ri ảnh hiện trường trận lũ, ‘meo’ về càng sớm càng tốt, nghe.”\r\n“Nhưng đêm qua lũ cuốn hết đồ nghề rồi, anh phải mượn điện thoại của ông phó chủ tịch để gọi em đây.”\r\n“Thì xoay xở đi. Thế nào trên đó anh cũng tìm được cái máy ảnh, không cần chất lượng cao đâu, thời sự là tốt rồi, nghe!”\r\n*\r\nKhoa thức giấc, dù chưa tỉnh hẳn nhưng lập tức anh cảm nhận toàn thân mình đang đau ê ẩm và nhớ là đầu mình còn phải quấn băng vì một vết xước khá dài khi dòng lũ ném anh vào rặng lồ ô. Miên không còn nằm bên, nhưng Khoa vẫn nghe thoang thoảng mùi hương của cô. Và khi nhìn vào vết lõm cô để lại trên tấm ga màu vàng đất xô lệch, Khoa tủm tỉm không hiểu mình bầm dập thế này sao vẫn có thể chiều được cơn khao khát hiếm có của Miên. Mười một giờ tối qua anh mới về tới nhà, lát sau thì nghe gõ cửa, tín hiệu ‘cấp cứu’. Kết thúc phần việc ở tòa soạn là Miên tất tả đến với anh.\r\nKhoa mở cửa phòng ăn thông ra ô ban-công hẹp, nơi đang ngập tràn nắng sớm. Anh lại cười tủm khi nhìn xuống thấy Miên dừng xe trước sạp báo sân chung cư. Cô không thể chờ đến tòa soạn để trông thấy tờ báo mới của mình.', 'Mien gazed into the tempered window brightening the 16th floor hallway, still speckled with last night’s rain, and saw her reflection superimposed upon the green trees and cheerful red tiles beneath the morning sun in a distant corner of Saigon. Although she had already spent some time at the vanity, she often took a moment to glance at herself in the oversized pane before stepping into the elevator, despite the various sources of light making every image appear more like a collage.\r\nMien was the only one inside the cabin. Like a reflex, she reached out and pressed the button for the level B parking garage. Instead of thinking over her speech for the paper’s reform meeting which she knew would cause some dispute, she busied herself with a question that flashed in her mind as the hallway window disappeared behind two cold steel doors: “If it doesn’t open out or close in, can it still be called a ‘door,’ or must it need only extend one’s view to the far side?” Like a riddle, she felt something was missing until she realized that if Khoa was there, her question would be answered, whether seriously or jokingly in that  distinctly  sarcastic  voice  of  his, but which would for sure make her smile. A succession of digital green numbers tracking the elevator’s journey passed meaninglessly before her eyes: 12... 11... 10... She only took notice when it stopped at 7. Two strangers entered, and although they were probably over thirty like her, through the way they held hands and the lively exchange in their eyes, they seemed to be lovers rather than husband and wife. Struck with a thought, she quickly pressed the button for level 5, the same floor as Khoa’s apartment.\r\nWhile Mien was disappointed when she saw the utility bills pasted to the front door with no peephole, she was also relieved, having most likely escaped a heated debate with her separated husband. It had been half a year since Khoa withdrew to his old apartment, which he had used as an office after they got married. She could easily picture his tight-lipped smile beneath his tobacco stained moustache whenever he opened the door. Before that, they had lived as lovers for three years, and Khoa knew without looking when it was her at the door. On the day they split up, before wheeling his suitcase into the hallway, he had asked a despicable question, “We lived together long enough to forget a few things; did you need me to remind you of our secret signal?” To this, she had shouted, “Who really saved who?!”\r\nMien smiled as she remembered the knock Khoa had come up with for her: three fast... three slow... three fast..., tick, tick, tick... tock; tock; tock... tick, tick, tick...— S.O.S.—save me.\r\nAs  she  stepped  back  into  the elevator, her phone rang. It was Luan.\r\n“Sorry, but I’m busy. I’ve got a meeting this morning.”As she hung up, Mien got the feeling she was throwing away her right to happiness and felt sorry for the rejected caller, a man who had been patiently waiting to get close to her and fill the emptiness inside. Recently, she had used every excuse she could think of to decline nearly all of Luan’s invitations to dinner or a show. Perhaps this began the day they had run into Khoa at a reception of the American Consulate. Embarrassed, Mien fumbled about awkwardly as if she had been caught in an affair, even more upset since it took place before Khoa’s tight-lipped smile. She had only relaxed a little when Khoa crossed the room and asked her to dance. As soon as the waltz ended, he gently said goodbye, then answered his phone as he hurried out the door. The rest of the night became heavy and strained, and since that day, they hadn’t once seen each other.\r\n*\r\nThe sound of the rain beating down on the tin roof awakened Khoa.\r\n“Seems it’s been pouring all night,” he guessed, reminded he was laying on the floor of the watch tower, his place of respite during his wildlife photo shoots. He extended his arm and looked at his luminous watch: 2:30 a.m. He zipped his sleeping bag up to his chin to ward off the cold, turned over, and tried to fall back asleep. The bamboo floor crunched beneath him; he would have to tell Dieu Keng to build a new one. His thoughts  raced  through  his mind  one  after  the other, without any of them being so happy or sad as to cause a restlessness like this. Suddenly, he regretted having refused Dieu Keng’s company. At that time, he had wanted to be alone; the presence of the well-meaning Stieng man would have only been a burden, especially since Kiki would not have come near the watch tower like he was hoping.\r\nAgain, Khoa slipped out his arm and looked at his watch: 3:10. The storm was getting worse and he heard a leak somewhere nearby. He got up, then threw some wood on the fire. A tiny pea-size flame emerged from the pile of coal layered with white ash, rising slowly like the bobbing head of a snake. Instantly, an entire nest of firey serpents blazed up in dance. So much brighter and warmer. The rain was a nuisance, but it helped him set aside any hope Kiki would be looking for him. He thought back to the day he released her into the jungle. Dieu Keng had used all sorts of scare tactics to keep the tiny monkey from chasing after Khoa and crying as it clung to his leg. Later, as they waded back through the stream, Dieu Keng turned around with a watchful look, then pointed at a parashorea tree in the distance. Khoa’s gaze followed and he spotted Kiki, clumsy and trembling, climbing for the first time as high as she could to watch after him from afar. He quickly raised his professional camera and snapped a round of last shots before hastily walking away, trying to hide his watering eyes from Dieu Keng.\r\nThat night, he couldn’t sleep. Ever since the day he bought the tiny monkey from the man who made bone glue, he had planned to return her to the jungle, though he had never suspected it would be so difficult before they became inseparable. As all this raced through his mind, he suddenly heard a moan outside the watch tower door. Kiki! He gleefully dashed out and carried the animal inside, then dried her fur with a towel. They warmed themselves by the fire until they both fell asleep. Early the next morning, Kiki let out a screech and burrowed into Khoa’s chest when she recognized Dieu Keng’s approaching footsteps. The Stieng man shook his head when Khoa said he’d take her back to Saigon with him.\r\n“It hasn’t gotten used to the jungle,” Dieu Keng explained slowly. “With time, it will rather die here than live in the city.”\r\nIn the end, Dieu Keng persuaded him to hand over Kiki in order to complete their mission. He also made Khoa promise he would not interfere long enough for Kiki to join a pack and become one with the jungle.\r\nEarlier today, Khoa hit the road the moment he got the long-awaited call. After lunch, he anxiously followed Dieu Keng into the jungle to witness Kiki’s new family. Although he was not yet twenty yards away, Khoa was unable to recognize his pet among the dozens of monkeys flickering through the canopy above, neither did Kiki wish to be seen when Khoa left his hiding place and called out her name. Rather, the sound of his voice caused the pack to cry out and scatter up a rocky slope, disappearing behind the luxuriant leaves. Sensing his friend’s conflicted state as they walked home—happy yet sad, immensely sad—Dieu  Keng  looked   around   aimlessly  and  remarked, “The clouds have obscured the mountains; seems the rain will be fierce tonight. Why not stay at my house and keep warm?”\r\nKhoa shook his head.\r\n“... Then I’ll stay here instead,” Dieu Keng continued as they finished their wine in the watch tower by the ridge, about an hour from the nearest village.\r\nAgain, Khoa shook his head and thanked him.\r\nA distant rumbling from above roused Khoa from his recollection. It wasn’t a sign of Kiki’s return like he’d been expecting. Such a boisterous din and rumbling earth had to be elephants, an entire herd of them, descending from the mountain at an incredible speed. The fire suddenly erupted into fireworks, then extinguished almost at once. The narrow stream had become a colossal water serpent overrunning its banks, destroying the watch tower in its wild and brutal wake.\r\n*\r\nIt wasn’t easy finding a common voice between professionalism and profits, or a cutting edge vs. play-it-safe approach during this crucial staff meeting. However, the tense atmosphere was dispelled by a man people at work referred to as ‘The Old Urchin,’ a naïve and childish old character in the kung fu novels of Jin Yong. He’d already retired, but they kept him on payroll as ‘Assistant to the Editor-in-Chief.’ He suggested they begin, not from the most important matters, but from the most trivial, such as words and their meanings.\r\n“This  country  does  not  have a standard system of spelling, so we must establish our own. At present, neither reporters nor editors write consistently. Take, for instance, the concept of ten years: lots of people mix up the word for decade, ‘thap nien’, with ‘thap ky’, without realizing that ‘ky’ means 60 years in the East and 100 years in the West. They’re also short on words: Every day, in dozens of printed and online newspapers, we see the same thing, ‘dang long,’ – broken-hearted, ‘gay sot,’ – trending, ‘lo hang’ – indecently exposed...”\r\nThe group erupted into light-hearted laughter.\r\nJust then, Mien received a text message from the secretary’s office. She excused herself from the meeting to follow up on some breaking news.\r\n“Our correspondant informed us there was a flash flood in Cat Tien this morning, the most devastating in twenty years,” the deputy news chief said as he handed her the printed email.\r\nMien read it, “Output from hydroelectric reservoir in part to blame.” She looked up and assigned one reporter to Cat Tien right away, “Touch base with our correspondant and dig deeper. If it’s a ‘go,’ we’ll make this our cover. And get me some photos.”\r\nJust then, someone spoke up, “That may not be possible, Mien; take a look at VTV news.”\r\nOn TV were images of the flooded Dong Nai River, which had washed out sections of Route 721, bringing traffic to a halt and isolating the central flood zone.\r\nBut Mien didn’t give up, “I know the deputy district chairman there. He might have a way to get us in.”\r\nShe  turned  on  her  phone’ s  speaker  so everyone could listen in. But, even before she could speak, the voice on the other end said feverishly, “Mien, is that you? Don’t worry, we’ve sent out a team to find Khoa.”\r\nMien froze. The reporters around her stopped what they were doing and followed the conversation with concern.\r\nMien remembered why she had called.\r\n“Is there any way you could help us get close to the scene?”\r\n“We’re waiting for the road to clear; earliest is tonight.”\r\n“How do you know Khoa is there?”\r\n“Whenever he comes, he parks at the district committee building and gets a ride with village chief Dieu Keng into the jungle. The guys told me they hadn’t seen him, neither had the first aid station. Things are pretty chaotic here; if I hear anything new, I’ll let you know...”\r\nThe deputy news chief spoke in place of Mien’s stunned silence, “Try to get in touch with Khoa. I’ll handle things here.”\r\nBack in her office, Mien propped herself against the door and stifled her sobs. Then, compelled into action, she fumbled with her phone smeared with tears. Each time she called him, she heard this emotionless message, ‘The number you have dialed is temporarily unavailable.’ Never before had Mien felt such hope upon hearing the word ‘temporarily’. Suddenly, her phone rang. She glanced down—it was the deputy district chairman.\r\n“Have you found Khoa?” Mien cried.\r\nThe line remained silent for the first few seconds, though it was long enough to bury Mien beneath an eternity of terror. Her voice trembled, “Hello? Say something; how is he?... Are you there?”\r\n“It’s Khoa... I’m here...”\r\nAt first, Mien’s overwhelming joy choked up her throat.\r\n“My god, you scared me to death!” she finally exclaimed.\r\nThen, after more silence, she said in a different voice, “Can you get me some shots of the flood? I need them ASAP.”\r\n“The flood swept away all my gear, including my phone. I had to borrow the deputy chairman’s just to call you.”\r\n“Try to make do. There’s got to be a camera there somewhere. I don’t need high quality shots, just something for the news.”\r\n*\r\nStill half-asleep, Khoa re-entered his aching body, his bandaged head reminding him of the long graze he’d received when the flood hurled him against a row of bamboo. Mien no longer lay beside him, but her smell and dissheveled imprint in the earthen yellow bedspread still lingered. He quietly praised himself with a tight-lipped smile for being so beaten up yet satisfying one of Mien’s rare passionate frenzies. He hadn’t gotten home until eleven last night, when he heard a knock at the door shortly after—save me. After wrapping things up at work, Mien had rushed home to him.\r\nKhoa opened the door and stepped out onto the narrow balcony bathed in morning sun. Again, he smiled when he spotted Mien parked by the newsstand in front of their building. She couldn’t wait to see the newest edition of her paper.', 'https://ununsplash.imgix.net/photo-1413913619092-816734eed3a7?w=1024&q=50&fm=jpg&s=7653dd05ea22b7546a416b360b9d3bdd', 1, '2017-03-21 09:32:06', '2017-03-21 09:32:06');
INSERT INTO `truyens` (`id`, `name_vn`, `name_en`, `content_vn`, `content_en`, `image`, `theloai_id`, `created_at`, `updated_at`) VALUES
(5, 'Cơn giông và cánh dù đỏ', 'The Storm and the Red Umbrella', 'Tàu cặp bến Năm Căn. Một lượng lớn tàu thuyền và ghe xuồng từ khắp mạng lưới hàng trăm con sông và kênh đào vùng đồng bằng sông Cửu Long tập trung về đây rộn ràng mua bán. Cảnh tượng đó mang lại cho Phan, người từ miền trung lần đầu đến đây, cảm giác ngỡ ngàng thú vị nhưng đồng thời có phần lạc lõng đơn độc.\r\nMặt trời bắt đầu lặn sau rừng đước phía xa khi Phan đặt chân lên cầu cảng.\r\nSau chuyến đi dài trên sông nước, Phan thấy đói sớm hơn ngày thường. Nhìn quanh tìm chỗ ăn tối, anh để ý dãy hàng quán nằm dọc bến tàu vừa lên đèn. Phần lớn nhà cửa ở đây được xây dựng bằng chất liệu cây dừa nước, và điểm đặc biệt là hầu như mọi nhà đều có hai cửa lớn, một hướng ra đường bộ, và một nhìn xuống bến sông.\r\nPhan quyết định chọn quán gần bến tàu nhất, cũng là nơi đang đông khách. Khi anh bước vào, mọi người trong quán, từ thực khách đến nhà chủ, ngừng mọi việc đang làm, nhìn theo vẻ tò mò, bởi họ nhận ra ngay anh là khách phương xa.\r\nKhông phải chọn lựa vì chỉ còn một bàn trống trong góc, Phan ngồi vào bàn, nhìn lên bảng thực đơn treo trên vách gần đấy. Lập tức nó làm anh phát ốm vì hầu hết các món đều được chế biến từ thú hoang như cá sấu, trăn, rắn, rùa, dơi, và cả chuột đồng!\r\nTrong khi Phan chưa biết làm thế nào để có một bữa cơm tối vừa miệng thì anh nghe có ai thì thầm từ phía sau. Ngoảnh lại, anh thấy đầu một con rắn nhún nhảy với cái lưỡi dài phóng ra thu vào liên tiếp. Kêu oái một tiếng, Phan bật dậy như lò xo, xóc đầu gối vào gầm bàn, làm đổ hết muỗng đũa và các lọ gia vị xuống sàn.\r\nMọi người trong quán cười vỡ bụng. Thì ra con rắn đã bị nhốt trong lồng sắt mắt cáo chờ mổ thịt, và cái lồng cách Phan gần một sải tay.\r\nPhan cười theo mọi người khi nhận ra tình huống của mình, rồi xin lỗi bà chủ về những đổ vỡ. Bà xua tay đừng bận tâm và quay lại cô gái đang đứng cười khúc khích sau quày:\r\n- Ra giúp người ta một tay.\r\nCô gái chừng hai mươi tuổi, tiếp tục cười khi ra phục vụ ở bàn Phan. Nhưng anh không thấy khó chịu với kiểu ứng xử trẻ con đó, còn nhờ cô ‘tư vấn’ vài món dễ chịu hơn so với rắn, chuột trên thực đơn.\r\nThái độ cởi mở của Phan khiến cô gái thấy dễ gần gũi. Sau một thoáng do dự, cô hỏi:\r\n- Em nói chuyện với ông được hông?\r\n- Được chứ, ngồi xuống đây.\r\n- Hổng ngồi đâu, chỉ muốn nghe giọng Huế thôi.\r\n- Vì sao?\r\n- Tức cười lắm!\r\n- Vậy hả?\r\n- Dạ!\r\n- Em tên gì?\r\n- Suchia.\r\n- Xin lỗi?\r\n- Suchia, tên Khmer đó.\r\n- Em người Khmer?\r\n- Dạ.\r\n- Tên em có nghĩa gì vậy?\r\n- Điềm lành.\r\n- Cái tên quá hay. Em biết không, em là người Khmer đầu tiên tôi nói chuyện đó.\r\n- Thiệt hông?\r\n- Thiệt. Em làm ở đây bao lâu rồi?\r\nSuchia tinh nghịch hỏi lại:\r\n- Bộ ông thấy em giống người giúp việc?\r\nPhan nói xin lỗi rồi nhìn bà chủ, đoán:\r\n- Con gái bà chủ, đúng không?\r\n- Bả người Việt, hổng phải Khmer, là khách hàng thôi. Ông biết hông, em giao hàng cho các quán nhậu ở đây.\r\nSuchia chỉ vào con rắn vừa dọa Phan chết khiếp, che miệng cười:\r\n- Của em đó.\r\nPhan cũng không nhịn được cười.\r\n- Ba em là thợ săn, em giúp ba giao hàng, hiểu kịp hông?\r\nPhan gật đầu, câu hỏi đuôi giọng nam bộ của Suchia khiến anh chạnh lòng nhớ Lai.\r\nSuchia tiếp:\r\n- Ở đây mọi người giúp nhau là chuyện thường à.\r\n- Hiểu rồi.\r\n- Ông đến Năm Căn lần đầu?\r\n- Phải.\r\n- Đi chơi hay công tác?\r\n- Việc riêng thôi.\r\n- Xin lỗi, em lắm chuyện quá, phải hông?\r\n- Không có gì, là em quan tâm thôi mà.\r\n- Ông ăn ngon miệng nghen.\r\nSuchia mỉm cười với Phan rồi quay đi.\r\n- A, chờ chút, em có thể chỉ cho tôi khách sạn nào gần đây nhất?\r\n- Chỉ có một khách sạn quanh đây.\r\nSuchia nói và chỉ tay qua cửa sổ, về phía một ngôi nhà cao tầng cách đó vài trăm mét.\r\nPhan gật đầu nói cám ơn, bỗng anh sực nhớ chuyến đi hôm sau.\r\n- Chuyện này nữa, em biết thôn An Lạc ở đâu không?\r\n- An Lạc?\r\n- Phải, mai tôi có việc đi An Lạc.\r\n- Em có nghe An Lạc, nhưng từ đây vào trỏng xa lắm, và em cũng chưa đến bao giờ.\r\n- Vậy thì khó cho tôi rồi…\r\nGiọng đầy cam chịu của ông khách đến từ miền trung khiến cô gái Khmer ái ngại, nhưng đến lúc cô phải về.\r\nChừng một giờ sau Phan đã yên ổn trong khách sạn. Dành sức cho chuyến đi dự kiến sẽ vất vả, anh đi ngủ sớm. Tuy nhiên, một lát sau anh bị đánh thức bởi tiếng gõ cửa.\r\nPhan mở cửa, thấy gã lễ tân khách sạn nhe răng cười.\r\n- Xin lỗi anh hai.\r\n- Chuyện gì vậy?\r\n- Anh hai thích, em giới thiệu mấy nhỏ xinh đẹp.\r\n- Cám ơn, không phải đêm nay.\r\nTrước khi bỏ đi gã lễ tân còn ‘chào hàng’ ở đây có hàng chục em sẵn sàng phục vụ ‘thượng đế’ bất cứ lúc nào.\r\n*\r\nSáng hôm sau, từ đầu cầu thang Phan trông thấy Suchia ngồi trên chiếc ghế nhựa màu đỏ đối diện quầy lễ tân. Vẫn là cô gái tối qua ở nhà hàng, nhưng bây giờ trông cô xinh hẳn và kín đáo trong áo váy truyền thống Khmer.\r\nPhan đến gần, lên tiếng chào thân thiện.\r\nSuchia đứng lên, đáp lại với vẻ bối rối, hai bàn tay bắt xoắn vào nhau trước ngực.\r\n- Chào ông.\r\nPhan không thể tin đây chính là cô gái tinh nghịch anh gặp tối qua.\r\n- Nhập hàng cho khách sạn?\r\n- Đây cũng là khách hàng thường xuyên, nhưng sáng nay em chỉ chờ ông…\r\n- Chờ tôi?\r\n- Dạ.\r\nPhan bất ngờ khi nghe Suchia nói vậy. Và anh không nghĩ mình lúng túng trước một cô gái kém mình những hai mươi tuổi.\r\nLấp khoảng trống của câu chuyện, Phan lên tiếng:\r\n- Suchia ăn sáng với tôi nhé.\r\n- Dạ, nhưng sẽ ăn trên thuyền với ba em.\r\n- Ba em?\r\n- Ba em đang chờ ông.\r\n- Nhưng…\r\n- Tối qua, em về kể chuyến đi của ông, ba em nghĩ phải đưa ông đi An Lạc.\r\n- Vậy hả?\r\n- Dạ, thôi mình đi.\r\n- Em và ba em tốt với tôi quá.\r\n- Có nhớ em nói gì với ông tối qua hông? Giúp nhau là chuyện bình thường ở đây mà.\r\nPhan mỉm cười gật đầu.\r\n*\r\nCha của Suchia bước ra mạn thuyền đón khách.\r\nPhan nắm lấy bàn tay người đàn ông Khmer rám nắng và khỏe mạnh, nhảy lên thuyền:\r\n- Cám ơn, tôi thật sự bất ngờ khi nhận được sự giúp đỡ này.\r\n- Hổng có gì, nghe anh cần đi An Lạc, mà từ đây vào trỏng không có tàu khách, dân ở đó thưa lắm.\r\n- Vậy thì quá may cho tôi khi gặp Suchia và ông, tôi tên Phan.\r\n- Gọi tôi Ba Trăn được rồi. Nếu muốn đi An Lạc về trong ngày thì phải lên đường ngay, càng sớm càng tốt. Có bánh mì xíu và cà-phê, vừa đi vừa điểm tâm.\r\nBến cảng Năm Căn chẳng mấy chốc ra khỏi tầm nhìn, chiếc thuyền máy như lạc giữa rừng đước không ngừng mở ra khép lại sau mỗi khúc quanh gấp gáp của những con sông đan vào nhau.\r\nBa Trăn cầm lái phía sau, Suchia ngồi cạnh Phan trước mũi thuyền. Nhìn hai tay anh bám chặt mạn gỗ, cô tủm tỉm:\r\n- Đi thuyền máy lần đầu, phải hông?\r\nPhan cười và gật đầu. Anh hít sâu không khí trong lành của đất trời cuối Việt và bắt gặp mùi hương từ cô gái Khmer.\r\nSuchia tiếp tục chuyện trò:\r\n- Chắc cũng là lần đầu ông vào rừng đước?\r\nPhan lại gật đầu.\r\nTừ phía đuôi thuyền ông Ba Trăn cất tiếng hỏi Phan:\r\n- Việc gì quan trọng mà phải đi cả quãng dường từ ngoải vào tận An Lạc dữ vậy?\r\n- Tôi tìm người.\r\n- Dạo này có nhiều người trung vào nam đi kinh tế mới, nhưng chưa thấy ai tuốt tới An Lạc.\r\n- Hả?\r\n- Tôi bảo không thấy người trung vào An Lạc!\r\nGió mạnh trên sông thổi bạt giọng của hai người, họ phải nói thật to mới có thể nghe nhau.\r\n- Tôi đang tìm người gốc ở đây.\r\n- Bạn?\r\n- Vợ.\r\n- Vợ?\r\n- Vợ.\r\nSau đó là khoảng lặng.\r\nSuchia và cha cô bối rối khi nghe Phan lặn lội tìm vợ nơi tận cùng đất nước, ở ngôi làng mang tên An Lạc, một từ trong kinh Phật hàm nghĩa bình an vui vẻ, trong khi hai cha con chỉ thấy nét u buồn trên gương mặt Phan.\r\nTiếng nổ của thuyền máy nghe đanh hơn, tôn thêm tĩnh lặng của sông nước, rừng cây và cả con người.\r\nPhan thấy muốn chia sẻ với Suchia và cha của cô, những người sẵn sàng quan tâm tới người khác. Anh quyết định kể họ nghe câu chuyện dài và phức tạp giữa anh và Lai. Rằng trước bảy lăm anh hoạt động nội thành, thường đóng vai thương nhân lai vãng các khách sạn, sàn nhảy tiếp cận viên chức và sĩ quan Sài Gòn, Mỹ để thu thập thông tin. Ở ‘mặt trận’ đó anh gặp Lai, một vũ nữ trẻ đẹp, và đem lòng yêu. Về sau Lai biết thực ra anh là ai, nhưng cô chấp nhận số phận, chia sẻ với anh những năm tháng bất an, nguy hiểm. Cuối năm bảy hai, anh ra Hà Nội dự khóa tập huấn, không biết rằng phải đến mùa xuân bảy lăm mới có thể trở lại Đà Nẵng. Anh đã tìm được Lai và cưới làm vợ. Chỉ mấy tháng sau, không muốn chồng hệ lụy bởi quá khứ không đẹp của mình, Lai bỏ đi biệt. Mãi gần đây anh mới được tin Lai xuất hiện ở An Lạc, cũng là quê nhà của cô.\r\nChuyện kết thúc, Suchia lau nước mắt rồi dịu dàng nắm lấy tay anh bằng cả hai tay cô. Còn ông Ba Trăn lắc đầu nói đi nói lại tội nghiệp, tội nghiệp. Và để xua bầu không khí nặng nề, ông kể Phan nghe một câu chuyện mà chuyện của anh khiến ông nhớ lại.\r\nNăm ngoái, một phụ nữ Mỹ đến tận Năm Căn tìm chồng, một sĩ quan Mỹ được báo cáo mất tích trong khi thi hành nhiệm vụ vào tháng Ba năm bảy ba, là thời gian những người lính Mỹ cuối cùng rời Việt Nam, vì bà bất ngờ nhận được những thông tin thật khó tin về sự tồn tại của người chồng đang ở đâu đó tại Việt Nam.\r\nSố là có vài cựu chiến binh Mỹ, cùng đơn vị của chồng bà, đi thăm chiến trường xưa tại một rừng đước ở Năm Căn, vùng gần biên giới Campuchia. Từ một khoảng cách chừng năm mươi mét, họ bất ngờ bắt gặp một người da trắng. Dù người này vội chạy vào rừng, những cựu binh Mỹ tin đó là bạn của họ, người đã biến mất hơn hai mươi năm trước. Đó là lý do dẫn bà đến với Năm Căn và ông Ba Trăn được thuê như một người dẫn đường.\r\nPhan mong được nghe một câu chuyện có hậu, nhưng ông Ba Trăn dẫn anh đến kết cục buồn. Người đàn bà Mỹ đến nơi có tin chồng bà từng xuất hiện, người địa phương xác nhận thỉnh thoảng họ thoáng thấy một người da trắng trong rừng, nhưng chuyện đó đã không còn xảy ra trong mấy tháng qua. Cho tới giờ, không ai biết tại sao sĩ quan Mỹ kia quyết định ở lại chiến trường cũ, sống như thế nào, và thậm chí không thể biết ông ta còn sống hay đã chết.\r\nCâu chuyện sẽ ám ảnh Phan mãi, còn lúc này anh cảm giác nó là điềm chẳng lành cho cuộc tìm kiếm của anh. Và đúng như dự cảm, cuối hành trình Phan tìm được nhà của Lai bên bờ một kênh đào, nhưng là một ngôi nhà trống.\r\nPhan muốn tìm kiếm thêm thông tin về Lai qua người phụ nữ Khmer đang ngồi nhai trầu dưới mái hiên nhà bên cạnh. Nhưng bà khó lòng hiểu được sắc giọng miền trung, ông Ba Trăn phải thay Phan hỏi bà bằng tiếng Khmer. Bà ta đáp với thái độ nhiệt tình. Suchia thông dịch cho Phan, rằng năm ngoái Lai có về nhà chôn chất cha, sau đó lại đi biệt.\r\n*\r\nTừ cửa sổ quán nhậu, Phan nhìn ra bến tàu. Trông nó hoang vắng trong ánh sáng vàng ệch của dãy bóng điện. Tàu thuyền lớn nhỏ thả neo san sát dọc bến sông, dập dềnh trên mặt sóng lăn tăn. Anh có thể nghe âm thanh mạn tàu miết vào nhau, như tiếng nghiến răng của người ngủ mê. Ngoài xa lác đác mấy cụm lục bình theo con nước thủy triều lặng lẽ ngược dòng. Một tia chớp dài bất ngờ xuất hiện, ngoằn ngoèo rạch đôi bầu trời đen. Ngay sau đó là tiếng sấm rền chạy từ biển vào đất liền.\r\nBa Trăn giật mình tỉnh cơn gà gật, dụi mắt nhìn Phan, hỏi bằng giọng nhừa nhựa:\r\n- Xị nữa?\r\nPhan nhìn đồng hồ rồi nhìn bà chủ ngủ khoèo trên băng ghế dài trong góc quán.\r\n- Được thôi, nhưng 2 giờ sáng rồi, bả còn đóng cửa.\r\n- Vậy thì uống tiếp ở khách sạn!\r\nBa Trăn đề nghị và gọi bà chủ dậy.\r\nPhan móc ví trả tiền bữa nhậu nhưng Ba Trăn xua tay nói bữa này là của ông và ở đây không cần phải tiền nong liền tù tì như vậy, cả tháng sau đến trả cũng chẳng ai rầy.\r\nChừng mười phút sau hai người về tới khách sạn, bày cuộc rượu mới.\r\nGã lễ tân đón nhận yêu cầu của Phan với câu nói đầu môi có ngay anh hai, bất cứ lúc nào anh hai, rồi hắn nhanh nhẹn dọn bàn tại sảnh lễ tân.\r\nPhan bỗng đau nhói ở đầu gối phải và như nghe giọng Lai bên tai: - Phong vũ biểu của em… Anh cất tiếng dự báo:\r\n- Trời sắp mưa.\r\nNgười đàn ông Khmer đã say khước, không còn bắt kịp ý nghĩa, đáp hùng hổ:\r\n- Ừ, không say không về!\r\nChừng nửa giờ sau dự báo thời tiết của Phan thành sự thật.\r\nGã lễ tân liếc mắt lên đồng hồ treo tường, bước đến bên Phan, cúi xuống thì thầm:\r\n- Đêm nay em ‘thiết kế’ hàng xịn cho anh hai nghen?\r\nPhan gật gù với cái đầu trống rỗng, nói tất nhiên rồi, tại sao không?\r\nGã lễ tân trở lại quầy, gọi điện. Phan nghe thoáng một lời dặn dò ngắn ngọn: - Vào ngả sau nghen em. Rồi gã đi lên tầng trên với chùm chìa khóa, biến mất ở đầu cầu thang. Lát sau gã trở xuống sảnh, nháy mắt ranh mãnh với Phan:\r\n- Sẵn sàng, anh hai!\r\nPhan cười, giúi vào tay hắn xấp giấy bạc.\r\nMưa càng lúc càng nặng hạt và tiếng mưa kéo Ba Trăn tỉnh lại.\r\n- Tôi phải về, con Suchia chờ.\r\nBa Trăn nói vậy với Phan rồi quay sang gã lễ tân:\r\n- Cho tao mượn cái dù!\r\nPhan đứng lên:\r\n-Tôi tiễn anh.\r\n- Khỏi.\r\nNhưng Phan khăng khăng tiễn Ba Trăn. Hai người dừng lại một lát dưới mái hiên khách sạn. Người đàn ông Khmer ngước mặt nhìn trời đêm, hít hít bụi mưa cho tỉnh táo hơn, rồi vỗ mấy cái vào lưng Phan thể hiện lòng quý mến trước khi bung dù bước hẳn ra mưa.\r\nPhan quay lại bàn, một mình tì tì uống hết phần rượu trong chai trước khi lên phòng bằng những bước đi cà nhắc. Anh muốn say tới bến để có thể ngủ vùi sau khi đặt mình vào giường.\r\nNhưng Phan gần như tỉnh hẳn khi mở cửa phòng.\r\nTrong ánh sáng vàng dịu của đèn ngủ, một người đàn bà trẻ mặc xường xám bó sát thân trong tư thế nửa nằm nửa ngồi trên giường, mải nhìn nước mưa ràn rụa trên mặt kính cửa sổ.\r\nPhan chợt nhớ lời gã lễ tân ‘Sẵn sàng, anh hai!’. Sau một thoáng ngập ngừng anh hắng giọng, bắt đầu phá vỡ tình huống không chờ đợi.\r\nNgười đàn bà uể oải ngoảnh về phía phát ra âm thanh, rồi giật nảy mình khi nhận ra khách, đưa hai tay bịt chặt miệng chặn tiếng kêu.\r\nHai người nhận ra nhau cùng lúc.\r\nPhan đứng sững, bâng khuâng tự hỏi làm sao anh có thể chịu đựng được tình cảnh thế này.\r\nCuộc đoàn tụ bẽ bàng đến mức cảm xúc của đôi vợ chồng đông cứng chốc lát.\r\nCuối cùng, Phan lại hắng giọng, và bằng những bước chân cà nhắc anh chậm rãi đi về phía Lai.\r\n- Đầu gối đau phải hông?\r\n- Ừ, trở trời…\r\n*\r\nSáng sớm hôm sau, tiếng mưa quật vào kính cửa sổ đánh thức Phan. Anh nhận ra Lai không còn bên cạnh, cũng như không còn ở trong phòng. Dấu hình Lai mờ lõm trên mặt nệm và mùi nước hoa rẻ tiền thoang thoảng là bằng chứng những gì đã xảy đêm qua không phải là ảo giác của cơn say.\r\nPhan vội thay áo, đi như chạy xuống sảnh lễ tân.\r\nLai không có ở đó, mà là Suchia với chiếc dù đỏ.\r\n- Chào ông, em đến trả dù cho khách sạn.\r\nSuchia bẽn lẽn lên tiếng, như thể sợ Phan biết thực ra cô đến để được gặp anh.\r\nNhưng Phan đã lao ra cửa, chạy về phía bến tàu với hy vọng đuổi kịp Lai.\r\nSuchia tất tả chạy theo Phan, giương cánh dù đỏ che mưa cho anh.\r\nChiếc váy dài Khmer ướt nhẹp, dính bết vào hai đùi cô, bay phần phật về phía sau.\r\nTất nhiên Suchia không bao giờ được biết chuyện gì đã xảy ra với Phan tối hôm trước', 'The ferry docked at Nam Can wharf. A large number of boats and junks from the surrounding network of rivers and canals had also gathered here for trade. This sight gave Phan, who came from the central region of the country, a feeling of great interest and excitement, though he also felt a little lonely and lost at the same time.\r\nThe sun was just about to set behind a forest of mangrove trees in the distance when Phan stepped out onto the quay.\r\nHungry after a long trip on the water, he looked around and immediately spotted a row of restaurants along the wharf that had just lit up for the evening. Most of them were constructed from nipa trees, and they all shared the same distinctive feature of having two main doors; one facing the road and another looking out over the river. Phan decided on the nearest one, which also happened to be the most crowded at the time.\r\nAs soon as he entered, everyone inside stopped what they were doing and looked up to study him, instantly recognizing he was not from around here. Phan crossed the room and took a seat at the last available table in the far corner, then looked up at the menu hanging on the wall nearby. Immediately, he began to feel ill; nearby every one of dishes here were made from wild animals such as crocodiles, pythons, turtles, bats, and even fieldmice!\r\nWhile contemplating how he would manage a decent meal, Phan suddenly heard someone whispering to him from behind. He turned around and saw the bobbing head of a snake, its long forked tongue flicking in and out of its mouth. With a scream, Phan shot up like a spring from his seat, slamming his knees against the table and knocking over a stray of utensils and spice jars onto the floor. Everyone in the restaurant erupted with laughter. It turned out that the snake was confined in a trellis cage waiting to be slaughtered, and the cage was nearly an arm’s length away from him.\r\nPhan laughed along with them as he regained his self-composure and apologized to the owner for his clumsiness. She made a gesture with her hand as if to say “no problem”, then asked the girl giggling behind the counter to assist the stranger.\r\nThe girl, who was about twenty years old, continued to giggle as she served Phan at his table. But he wasn’t annoyed by her immature behaviour; on the contrary, he asked her to choose some dishes for him. His friendly attitude helped her feel more comfortable around him. After a moment of hesitation, she asked, “Do you mind if we talk a little?”\r\n“Not at all. Here, take a seat.”\r\n “Oh, no. I can’t. I just wanted to hear your accent.”\r\n“Why?”\r\n“Because it sounds so funny!”\r\n“Really?”\r\n“Yes!”\r\n“What’s your name?”\r\n“Suchia.”\r\n“I’m sorry, what?”\r\n“Suchia, it’s a Khmer name.”\r\n“Khmer? You’re a Khmer?”\r\n“I sure am!”\r\n“What does your name mean?”\r\n“It means ‘good omen’.”\r\n“What a beautiful name. You know, you’re the first Khmer girl I’ve ever talked to.”\r\n“Really?”\r\n“Yeah. So, how long have you worked here?”\r\n“Do I look like a waitress?” Suchia asked playfully.\r\nPhan apologized, then glancing over at the owner, he asked the girl, “You’re her daughter, aren’t you?”\r\n“That woman’s Vietnamese, not Khmer. She’s just one of my customers. You know, I supply the restaurant with specialty foods.”\r\nSuchia pointed her finger at the snake that had nearly scared Phan to death, and giggled, “It’s mine!”\r\nPhan couldn’t help laughing, too.\r\n“My father is a hunter and I help him with distribution. Get it now?”\r\nPhan nodded. Her distinctive southern dialect made Phan suddenly miss Lai; meanwhile, the Khmer girl went on.\r\n“To help one another is a common thing here.”\r\n“I see.”\r\n“Is this the first time you’ve been to Nam Can?”\r\n“Yes.”\r\n“Business or pleasure?”\r\n“A private matter, actually.”\r\n“I’m sorry. I’m being nosy, aren’t I?”\r\n“Don’t worry about it. You were just being polite.”\r\n“Right. Well, have a good dinner!”\r\nSuchia smiled at Phan then turned to leave the table.\r\n“Hang on a second. Could you direct me to the nearest hotel?”\r\n“There’s only one hotel in this area.”\r\nSuchia pointed through the window to a building about one hundred metres away. Phan nodded and thanked her, then suddenly recalled his trip the next morning.\r\n“There’s one more thing. Have you heard of An Lac hamlet?”\r\n“An Lac?”\r\n“Yes. I need to go there tomorrow morning.”\r\n“I’ve heard of it, but it’s quite far from here and I’ve never actually been there myself.”\r\n“Then I guess tomorrow will be a long day …”\r\nHearing the resignation in his voice made the Khmer girl feel sorry for him; however, it was getting late and time she went home.\r\nAn hour later, Phan checked into the hotel. To reserve his strength for the next leg of his trip, he went to bed early, but was awakened shortly after by the sound of knocking. He was still rubbing his eyes as he opened the door to find a young hotel receptionist grinning at him.\r\n“My apologies, sir.”\r\n“What’s the matter?”\r\n“I can present you some pretty girls, if you like.”\r\n“Thanks, but not tonight.”\r\nBefore leaving, the receptionist added that there were dozens of call-girls ready and waiting to serve ‘their God’ at any time.\r\n*\r\nA surprise was waiting for Phan in the hotel lobby the following morning. From the top of the stairs, he saw Suchia sitting on a red plastic chair in front of the reception desk. It was the same playful girl he met at the restaurant, but now she looked more feminine and demure in her traditional Khmer dress. He approached her and said, “Good morning.”\r\n“Good morning,” Suchia replied as she stood up, slightly embarrassed and wringing her tiny hands together in front of her chest.\r\nPhan couldn’t believe she was the same girl from last night.\r\n“Do you supply special foods to the hotel, as well?”\r\n“Normally, I do, but not today. I’m actually waiting for you ...”\r\n“For me?”\r\n“Yes.”\r\nPhan was caught off guard by her reply, never having imagined that he would end up in such an awkward situation with a girl nearly twenty years younger than him.\r\nTo fill the void in their conversation, Phan spoke up, “Would you like to have breakfast with me, then?”\r\n“Yes, but let’s eat on the boat with my dad.”\r\n“Your dad?”\r\n“Yes, he’s waiting for you.”\r\n“But …”\r\n“Last night, I told him about your trip. He would like to take you to An Lac.”\r\n“Really?”\r\n“Yes, really. Now, let’s go.”\r\n“You and your father are too kind to me.”\r\n“Please don’t say that. Don’t you remember what I told you yesterday? To help one another is a common thing here.”\r\nPhan smiled and nodded.\r\n*\r\nSuchia’s father, a suntanned and healthy old Khmer man, helped his guest aboard the boat.\r\n“Thank you,” said Phan. “I really appreciate what you’re doing for me.”\r\n“Don’t mention it. I know you need get to An Lac, but there’s no ferry from Nam Can that can take you there.”\r\n“In that case, I’m very lucky to have met you. I’m Phan.”\r\n“Just call me Ba Tran. If we want to get to An Lac and back before sundown, we should leave right away. I’ve prepared some meat-buns and coffee. We’ll have breakfast on the way.”\r\nThe small wharf soon disappeared out of sight. Ba Tran’s motorboat seemed lost among the endless mangrove forests, which appeared then vanished at each bend in the river.\r\nBa Tran steered from the helm while his daughter sat near Phan, at the bow of the boat.\r\nShe turned back to Phan, asking with a smile, “Is this your first time travelling by motorboat?”\r\nHe nodded. The wind carried Suchia’s voice away and swept her hair over his face. Phan filled his lungs with the pristine air of his country’s frontier, mixed with the faint yet seductive scent of the young Khmer girl.\r\nSuchia went on, “This must also be the first time you’ve seen ‘mam’ and mangrove trees, isn’t it?”\r\nPhan nodded again.\r\n“Hey!” Ba Tran shouted from the other side of the boat, “Why are you going all the way to An Lac, anyway?”\r\n“I’m looking for someone.”\r\n“I see. These days there’re a lot of people moving down South, but I’ve never heard of any of them settling in An Lac.”\r\n“What?”\r\n“I said, ‘Not many people move out to An Lac’!”\r\nThe strong wind on the river warped their voices, so they had to speak much louder in order to be heard.\r\n“Oh, well, I’m looking for a local, originally from there.”\r\n“A friend?”\r\n“My wife.”\r\n“Your wife?”\r\n“Yes, my wife.”\r\nA long silence ensued.\r\nSuchia and her father were puzzled why Phan would be looking for his wife at the end of the country, and in a small and obscure hamlet no less. Just by looking at him, though, they could tell he was in a lot of pain. The sound of the boat’s engine at that time seemed even louder in contrast to the stillness of the rivers, forests, and the three people on board.\r\nPhan wanted to open his heart to Suchia and her father, who had been so gracious and kind to him. So, he broke the silence and told them the long and complicated story of him and Lai. During the war, he had once commanded a task force in Danang. He often disguised himself as a businessman, frequenting hotels and dance halls in order to socialize with Saigon and American officials and gather valuable information. It was in this “battlefield” that he met Lai, a pretty dancing-girl, and fell in love. Then Lai found out who he really was; however, she accepted her destiny with poise, shared his unstable and dangerous life. At the end of 1972, Phan was called to Hanoi to attend a political training course. He had no way of knowing that he could not return to Danang until he returned for the historical campaign of the Spring of 1975. After he returned, Phan looked high and low for Lai, found her and married her. Several months later, not wanting to trouble Phan with her shameful past, Lai left him without a trace. It was only recently he had heard Lai had appeared in Anlac, her hometown.\r\nWhen the story finally came to an end, Suchia wiped her eyes and gently held Phan’s hand in hers. Ba Tran shook his head, repeating several times, “What a pity!” In an effort to take Phan’s mind off his situation, Ba Tran told them a story that he had been reminded of.\r\nLast year, an American woman came to Nam Can to find her husband, a military officer reported missing in action in March 1973, around the same time the last American soldiers left Vietnam, because she had received some rather unbelievable information concerning his whereabouts. A few of her husband’s former comrades-in-arms along with some other American veterans had visited their old battlefield in a desolate mangrove forest in Nam Can, near the border of Vietnam and Cambodia. From a distance of about fifty metres, they had caught sight of a caucasian man still living in hiding there. Although the man hastily ran back into the dense jungle as soon as he was spotted, the veterans believed he was their friend who had disappeared more than twenty years ago. Ba Tran had been engaged as a guide throughout the time she was here searching for her missing husband.\r\nPhan waited expectantly for a happy ending to the story, but Ba Tran had none to offer. He told Phan that the search had failed. Some local residents confirmed  that they sometimes saw a white man in the jungle but this hadn’t happened for months.\r\n“To this day, nobody has ever discovered why the American decided to stay at his old battlefield, how he survived, and whether or not he is even still alive,” Ba Tran concluded.\r\nThe story would haunt Phan for many years to come, but at that time, he considered it a bad omen for his search, though he said nothing to Suchia and her father.\r\nIn line with his premonition, Phan later found Lai’s house on the bank of a canal, but it was empty. He attempted to get some information about his wife from a Khmer woman sitting in front of the house next door, but she had difficulty understanding his central accent. Ba Tran then spoke to her in their native Khmer language, and she responded enthusiastically. Meanwhile, Suchia translated to Phan that Lai had returned home last year to bury her father, and then left just as suddenly as she had arrived.\r\n*\r\nFrom the window of the restaurant, Phan gazed out at the deserted wharf, illuminated by the warm yellow light of electric lamps. Boats large and small were moored side by side on the bank of the river, bobbing gently on the rippling waves. He could hear their hulls rubbing against each other, like the grinding teeth of sleeping people. A few stray patches of water hyacinth drifted by in the open water. Suddenly, a streak of forked lightning appeared, splitting the dark sky in two, and a peal of thunder soon followed, rumbling across the sea.\r\nBa Tran was startled out of a light doze. He rubbed his eyes, looked up at Phan, and murmured, “One more drink?”\r\nPhan glanced at the clock, then at the owner sound asleep on a bench in the corner.\r\n“Okay,” Phan replied. “But it’s already 2 a.m. Let’s leave so she can close up.”\r\n“On to the hotel!” Ba Tran announced to the empty restaurant.\r\nPhan pulled out his wallet attempting to pay for the drinks, but Ba Tran waved off the gesture and said it was his treat, and that he’d take care of it later.\r\nAbout ten minutes later, they arrived at the hotel and immediately called for another round of drinks.\r\nThe receptionist received their order with his standard reply. “Yes, sir. Right away, sir!” and hurriedly set up a table in the middle of the lobby.\r\nPhan suddenly felt a pain in his right knee and heard Lai’s voice in his head, “You’re my barometer ...”\r\n“It’s going to rain tonight,” Phan predicted.\r\nBut the Khmer man in his intoxicated state didn’t hear him clearly, and so confirmed, “Oh, yeah! Let’s drink all night tonight!”\r\nAbout a half hour later, the forecast came true and the storm suddenly hit.\r\nThe receptionist glanced up at the clock on the wall, then walked over to Phan and whispered, “How about taking me up on my offer from last night?”\r\nPhan nodded absentmindedly and agreed, “Sure, why not?”\r\nThe receptionist returned to his desk and made a phone call. Phan only overheard one brief instruction, “Come in by the back door.” He then went upstairs with a set of keys in his hand, and disappeared at the top of the stairs. A moment later the receptionist returned to the lobby, winking slyly at Phan, “Everything’s ready!”\r\nPhan grinned and slid some money into his hand.\r\nThe storm grew more and more intense. The din outside brought Ba Tran back to reality.\r\n“I’ve got to get home. Suchia is waiting for me,” Ba Tran said, then waved at the receptionist, “Young man, fetch me an umbrella!”\r\n“Yes, sir. Right away, sir!”\r\nPhan stood up, “Let me see you off.”\r\n“Oh, no, that won’t be necessary.”\r\nBut Phan insisted on walking Ba Tran out. They paused for a moment under the eaves of the hotel. The old Khmer man looked up to the sky and inhaled the misty air to regain his senses, then slapped Phan on the back like an old friend before stepping out into the rain.\r\nPhan finished off the bottle of wine before limping up the stairs to his room. He was so drunk that he expected to pass out as soon as he laid his dizzy head down on the pillow, though he almost sobered up completely when he opened the door to his room. Lying on his bed was a young woman in a red silk cheongsam clinging tightly to her inviting body. She was watching the rain through the window, with her back turned to the door.\r\nThe creaking sound of the hinges was not enough to wake her from her meditation. Just then, Phan remembered what the receptionist had whispered to him; “Everything’s ready!”\r\nAfter a brief hesitation, Phan cleared his throat. The young woman lazily looked over toward the direction of the sound, and jumped out of her skin when she realized who the client was. She quickly pressed her hands over her mouth to hold back the heartbreaking cry.\r\nPhan and Lai recognized each other at the same time. He stood fixedly in silence, wondering how he could be so calm. The reunion was so awkward that the couple’s feelings for each other were temporarily suspended in mutual shock. At last, Phan cleared his throat again, and limped slowly to the bed.\r\n“Does your knee still hurt?” Lai asked, but it came out sounding more like a sigh.\r\n“Oh, you know, just the weather ...”\r\n*\r\nEarly the next morning, Phan awoke to the sound of rain beating against the window pane. He realized Lai had already left, but he wasn’t sure exactly when. The slight indentation left by her body on the surface of the bed proved that what had happened last night wasn’t a dream. Phan threw on his clothes and ran down to the hotel lobby.\r\nLai was nowhere to be found, but Suchia was standing there with a red umbrella in her hands.\r\n“I came to return the umbrella to the hotel,” Suchia explained shyly as if she were afraid Phan would know she had really come to see him.\r\nBut Phan was in no state of mind to take notice. He rushed out into the downpour in the hope of catching up with Lai.\r\nSuchia ran after him, holding the umbrella over his head to protect him from the rain. Her traditional Khmer dress clung to her thighs and flapped wildly behind her.\r\nOf course Suchia never found out what happened to Phan that night.', 'https://unsplash.imgix.net/photo-1418065460487-3e41a6c84dc5?w=1024&q=50&fm=jpg&s=127f3a3ccf4356b7f79594e05f6c840e', 1, '2017-03-21 09:33:24', '2017-03-29 09:56:34'),
(6, 'Trái tim', 'Heart!', 'Cầm cái rựa sáng quắc, điên cuồng giận dữ bố Barna truy đuổi gã Oyigbo đồ tể vô liêm sỉ mình trần như nhộng đang thoát khỏi lều của gã. Cảnh gã mặc áo thun thể thao và người đuổi sau sẽ được đánh giá cao cỡ vận động viên nước rút Olympic bởi các nỗ lực mà gã đang thể hiện. Với một tốc độ nhanh đến vậy nên rất lâu sau vụ việc đó vẫn không có sự nhất trí nào về kích thước thực của cái của quí của gã cả; không ai thấy được khúc lủng lẳng trong hơn một phần của giây. Ngay cả  cặp song sinh nhà Akpan - Paul và Silas, nhữg người mà có thanh danh đáng ngờ vì bị tống văng ra đường khi Oyigbo đâm bổ vào lều của họ - cũng không thể cung cấp cho thằng bạn học, Okoro Lip, sự mô tả chi tiết khi nó yêu cầu. Nhưng chúng sẽ có thể làm chứng cho tốc độ và khả năng lách nhanh của Oyigbo: gã đã giật phắt cái kẹp tóc quấn quanh đầu bố Barna rồi đột ngột quay ngược lại đường chính ngay trước mắt của họ.\r\nTrên đường chính, cuộc rượt đuổi tiếp tục.\r\nĐột nhiên, Oyigbo nhận ra đường chạy này quá dễ dàng để bố Barna bám sát gã. Vì vậy gã chuyển hướng vào nơi lùm bụi gai góc. Gã nhảy qua những gốc cây, rẽ lối xuyên qua rừng với tối đa sức lực.\r\nBố Barna, cái ông có một nhiệm vụ xác định rõ ràng, kiên định như cách một sát thủ được trả hậu chăm bẵm vào nhiệm vụ kiếm tiền, cắm đầu lao sau Oyigbo. Ông cứ chạy, không một lời, với quyết tâm báo Oyigbo một thông điệp: người đàn ông này sẽ không được dừng lại, bất kể lí do gì.\r\nNếu rõ những chuyện gã biết, không ai có thể chê trách Oyigbo về việc đẩy mình vào hoàn cảnh ngoài sức tưởng tượng thế này. Tuy nhiên, người không bao giờ đưa ra chính kiến thì không ​​những chăm chăm đổ lỗi, mà còn to miệng than phiền quá lối về thói ích kỷ, ăn tạp, ngu ngơ và vô cảm của Oyigbo; trái tim gã sắp tan nát ...\r\nTrái tim Oyigbo đã héo úa nhiều lần trong những năm dài.\r\n“Ôi, đừng gấp gáp quá chứ,” mẹ Barna thường rên thế bên dưới gã vào những thời điểm như vậy.\r\n“Được, được, không, không,” Oyigbo thường bị líu lưỡi, cặp mắt đảo điên ngây dại.\r\nTuy nhiên, vào những lúc như thế, trái tim gã, dẫu gần nổ tung mới vài giây trước, sẽ dần chậm lại với nhịp điệu ổn định, thỏa mãn.\r\n                                                                                  * \r\n\r\nLần này, đã không có chuyện chậm lại hay thỏa mãn trước khi Oyigbo phải cuống cuồng. Và bây giờ gã thực sự là sắp vỡ tim.\r\nNhận rõ gã sẽ chẳng cần đến trái tim nữa nếu mà gã dừng lại, Oyigbo hối hả vắt kiệt sức mình. Bố Barna lừng lững cuộn ngay sau gã, cặp giò ngắn chắc nịch, mắt rực lửa, cái rựa sáng quắc và tất cả. Bố Barna…\r\nTrở về từ New Town vào cái ngày định mệnh này khởi đầu của ông khá vui vẻ. Đầu tiên là người thợ sửa cái xe máy của ông làm nhanh gọn và không tốn nhiều như ông lo. Tiếp nữa là mua được nhiều quà cho tất cả mọi người trong gia đình ông, bao gồm cả chiếc mũ quả dưa mới với một dải lụa và được cắm cái lông đỏ cho ông. Ông đã vui vẻ bắt đầu cuộc hành trình trở về, khoan khoái cảm nhận sức mạnh của loại động cơ mới. Chuyến đi quá tốt và khi ông dựng chiếc xe máy, sự yên tĩnh tràn ngập khu lều của ông khiến gã bất an. Các cô con gái ông có lẽ ở ngoài trang trại, ông suy luận, và Baba - tên âu yếm của con trai ông - hoặc đang nô đùa nơi sông suối hoặc vẫn còn ở trường, dù không vì bất kỳ công việc trọng gì. Nhưng vợ của ông chắc phải đâu đây thôi. Ông định mở miệng gọi to cho vợ nghe thì nhìn thấy cái xe bò. Miệng ông há hốc nhưng không có lời nào thoát ra. Rón rén chầm chậm, gần như thể ông là một người nào đó hoàn toàn khác, một sinh vật lạ, ông vào nhà. Ông nghe thấy tiếng của họ trước khi đến cửa phòng ngủ của ông - của họ. Tiếng rên rỉ đê mê lúc làm tình, không thể nhầm lẫn. Ông lặng lẽ đến cái kho chứa dụng cụ và đồ lặt vặt. Cái rựa phát to bản, thường rất nặng, gần như không trọng lượng khi ông nắm chặt nó và bắt đầu quay trở lại phòng ngủ.\r\nTâm trí của ông, tuy nhiên, nặng trĩu. Vậy ra nỗi lo của ông là thật! Bản chất con người thật kinh tởm bởi họ biết hình dung và nhớ được, bố Barna chỉ có thể nhớ lại là ông luôn nghi ngờ Maria, con gái đầu của ông. Làm thế nào có thể cô ấy chính là con ông được bởi cô trông cao ráo sáng sủa thế trong khi cả ông lẫn vợ lùn tịt và đen thui? Cô đã sinh ra trước Baba mười năm và tới năm năm sau nữa mới tới cặp song sinh, Ruth và Esther ra đời. Và điều đó xảy ra sau rất nhiều hoạt động tôn giáo tự nguyện và sự hy sinh quên mình của ông cho các thần linh. Ông buồn bã thừa nhận sự thật, chỉ có Baba là giọt máu của ông; Maria, cũng như Ruth, Esther - cũng cao ráo trắng trẻo hệt chị của họ - là ... Ôi! Làm sao ông sống nổi với sự xấu hổ nhục nhã ấy?\r\nMẹ Barna đã có một vài giây để hét lên và thốt ra một lời cầu xin trước khi một nhát rựa làm bà câm lặng. Bố Barna dửng dưng nhìn thân thể đang phun máu, miết lưỡi rựa lên tấm chăn cho khô. Trong tình trạng mất hết khả năng kiềm chế, ông tiếp tục hành động như máy được lập trình sẵn: kết liễu cuộc đời gã Oyigbo cao ráo trắng trẻo đang chạy trốn ...\r\n\r\n                                                                                   *\r\nKhông tránh khỏi một đám đông theo sau. Xét cho cùng, đây chỉ là một ngôi làng nhỏ. Tuy nhiên, những người đàn ông thậm chí trẻ tuổi, nhanh nhẹn hơn cũng khó theo kịp với hai ngôi sao chạy nước rút. Oyigbo, theo bản năng sinh tồn không được quyền thua. Bố Barna, một nhiệm vụ thiêng liêng phải bảo toàn danh dự, sẵn sàng trả bất cứ giá nào với mọi nỗ lực hòng đạt được mục đích cuối cùng. Trong nhóm người như vậy, những ai tìm kiếm thú vui, sự nhàn nhã để giải trí, thỏa tính tò mò thì không thể nào theo kịp.\r\n“Tao nghe Lazarus bảo Tom và Heekee rằng chú Jonathan của hắn nói Oyigbo không có trái tim tốt,” Okoro buôn dưa lê về sau thì thầm với Paul và Silas.\r\n“Lẽ nào lại bệnh tim?” Paul hỏi.\r\n“Tao không biết,” Câu trả lời của Okoro. “Lazarus nói chú Jonathan của hắn kể rằng mẹ Barna đã chung chạ với Oyigbo đồ tể. Chú hắn biết nhưng không kể với bất cứ ai. Vậy là ngày hôm đó Oyigbo đã tới ở nhà bố Barna vì hắn nghĩ bố Barna sẽ mất cả ngày tại New Town sửa xe máy của mình.”\r\n“Vậy, trái tim hắn buộc hắn phải làm chuyện đó á?” Silas muốn biết, nhưng Okoro ngửa tay thay cho câu trả lời.\r\n“Họ nói một tay chó săn ở New Town đã ra lệnh cho họ treo cổ bố Barna”, Paul tiết lộ.\r\n“Tao cũng nghe đồn vậy,” Okoro thêm. “Một số người nói không công bằng. Baba Soja giết hơn mười người vẫn còn ở trong tù. Bố Barna chỉ giết hai mạng mà họ chuẩn bị treo cổ ông ta.”\r\n“Chắc bởi trái tim ông ta,” Silas chốt lại. “Có lẽ họ không muốn bất cứ điều gì đã xảy ra với trái tim ông ta được đồn đại lan truyền.”\r\n“Nhưng chuyện gì thực sự xảy ra cho trái tim ông ta?” Paul truy vấn.\r\n“Tao không biết,” Okoro tuyên bố. “Tao chỉ biết họ đồn rằng ông ta không có một trái tim tốt.” \r\n\r\n                                                                                    * \r\nKhi Oyigbo lao như tên bắn trên con đường mòn dẫn ra con suối chảy qua làng, một cơn đau nhói từ trong lồng ngực khiến gã quằn quại, bật tiếng thét kinh hoàng đau đớn. Gã loạng choạng mất đà và cùng lúc lưỡi rựa của bố Barna đã kề ngay cổ. Oyigbo gục xuống vẫn còn la hét.\r\n“Bố Barna, xin tha!” gã ho, máu miệng trào ra. “Chỉ làm thế có mỗi lần. X…i…n…”\r\nNhát chém thứ hai của bố Barna nhắm vào cổ bị trượt xuống phập sâu vào vai Oyigbo - thêm một tiếng thét xé tai nữa. Nhát thứ ba lạnh lùng chính xác như dự định. Và những nhát tiếp theo cũng vậy. Tiếng rên la của Oyigbo đồ tể yếu dần, nấc nghẹn rồi dừng hẳn.', '\'Wielding a glimmering machete, an insanely angry Papa Barna pursues an unashamedly naked Oyigbo the butcher out of his compound. Picture him in sportswear and the latter would rate high as an Olympic-level sprinter for the effort he is making. Such is his speed that long after this incident, there would be no consensus as to the true size of his penis; no one sees that pendulum for more than a split second. Even the Akpan twins, Paul and Silas, who have the dubious honour of being knocked out of the way as Oyigbo shoots into their compound, would be unable to give their classmate, Okoro the Lip, a detailed description when he demands one. But they would be able to attest to Oyigbo\'s speed and ability to swerve, for he pulls a hairpin turn around Papa Barna and doubles back towards the main road right before their eyes.\r\n     Out on the main road, the chase blows on.\r\n     Abruptly, Oyigbo decides the road is making it too easy for Papa Barna to gain on him. So into the bush he veers. He leaps over tree stumps and cuts a swathe through the tropical rainforest with the sheer force of his momentum.\r\nPapa Barna, a man on a clearly defined mission, resolute in the manner of a well-paid assassin bent on earning his fee, tears after Oyigbo. He says nothing but runs with a determination that telegraphs a discomforting message to Oyigbo: this man will not be stopped, no matter what.\r\n     Knowing what he knows, no one can possibly blame Oyigbo for pushing himself beyond his own imagination. However, a non-person whose opinion matters a lot is not only heaping blame but is complaining noisily in a most agitated way about Oyigbo\'s thoughtlessness; his heart is on the verge of bursting ...\r\nOyigbo\'s heart has come close to bursting many times in the past years.\r\n     "Oh, don\'t be so fast," Mama Barna would often say from beneath him at such times.\r\n     "Yes, yes, no, no," Oyigbo would mostly be confused, his eyes rolling crazily.\r\n     Yet at such times, his heart, though close to bursting only seconds earlier, would decelerate to a steady, sated rhythm.\r\n*\r\nThis time, there had been neither deceleration nor satisfaction before Oyigbo had to dash off. And now his heart is threatening to burst for real.\r\n     Being sharply aware that he would have no need for a heart if he stops, Oyigbo presses on. Papa Barna sails after him, stocky legs, blazing eyes, glimmering machete and all. Papa Barna -\r\nHis return from New Town on this fateful day had begun happily enough. To begin with, the mechanic worked fast on his motorcycle and the repairs didn\'t cost half as much as he had feared. Buying quite a large number of presents for everyone in his household, including a new bowler hat with a silk band and a red feather stuck in it for himself, he had set off cheerfully for the return journey, enjoying the new surge of power delivered by the newly-serviced engine. He made good time and as he alighted from his motorcycle, the quiet pervading his compound struck him as odd. The girls may be in the farm, he reasoned, and Baba - his pet name for his son Barna - would either be frolicking in the stream or still in school, though not on account of any serious work. But his wife ought to be around. He\'d opened his mouth to call out to her when he saw the cart. His mouth stayed open but no words came out. Slowly, almost as if he were some external being other than himself, he went into the house. He heard them before he reached his - their - bedroom door. The passionate cries of lovemaking were unmistakable. Entranced, he made his way silently to the store where he kept his tools and things. The machete, usually very heavy, felt almost weightless as he clutched it and started back towards the bedroom.\r\n     His mind, however, had a lot of weight on it. So his fears had been true! Human beings being cursed in perpetuity with a selective memory process, Papa Barna could only recall that he\'d always had doubts about Maria, his first daughter. How could she really be his when she looked so tall and fair when both he and his wife were short and dark? She had been born ten years before Baba and it had taken five years after Baba\'s birth before the twins, Ruth and Esther came along. And that had been after numerous sacrifices to the gods. He sadly recognised the truth; only Baba had his blood; Maria, as well as Ruth and Esther - already showing signs of being every inch as tall and as fair as their elder sister - were ... Oh! How would he live with the shame?\r\n     Mama Barna had a few seconds to scream and utter a plea before the machete silenced her with one blow. Papa Barna looked at the blood-spurting body without feeling as he wiped the machete on the bed sheets. In the manner of a malfunctioning automaton, he now functioned purely on a dispassionate programme detailed to terminate the fleeing tall and fair Oyigbo ...\r\n*\r\nIt is inevitable that a crowd should follow. This, after all, is just a small village. However, not even the younger, more agile men can keep up with the two shooting stars. Oyigbo, on a primordial self-preservation race simply can not be bested. Papa Barna, on a self-divined, holy-inspired mission of honour-preservation is ready to pay any price in his bid to exact the ultimate price. In such company, leisurely folks seeking amusement are in no position to keep up.\r\n"I heard Lazarus telling Tom and Heekee that his Uncle Jonathan said that Oyigbo did not have a good heart," Okoro the Lip would later whisper to Paul and Silas.\r\n     "Could it have been an illness?" Paul would ask.\r\n     "I don\'t know," would be Okoro\'s reply. "Lazarus said that his Uncle Jonathan said that Mama Barna has been marrying Oyigbo the butcher. He knew but he didn\'t tell anybody. Then that day Oyigbo went and stayed inside Papa Barna\'s house because he thought Papa Barna will spend the whole day in New Town to repair his motorcycle."\r\n     "So what does his heart have to do with it?" Silas would want to know, but Okoro\'s open palms would be his answer.\r\n     "They say the Long-Nosed One in New Town has given the order for them to hang Papa Barna," Paul would reveal.\r\n     "I heard that too," Okoro would add. "Some people are saying that it is not fair. Baba Soja who killed more than ten people is still in prison. Papa Barna killed only two and they are going to hang him."\r\n     "It must be because of his heart," Silas would sum up. "Maybe they don\'t want whatever happened to his heart to spread."\r\n     "But what really happened to his heart?" Paul would query.\r\n     "I don\'t know," Okoro would pronounce. "I only know that they said he didn\'t have a good heart."\r\n*\r\nAs Oyigbo shoots on to the main pathway to the village stream, a sharp, stabbing pain in his chest draws an agonised scream from him. His steps falter and simultaneously Papa Barna\'s machete descends on him. Oyigbo goes down still screaming.\r\n     "Papa Barna, Please!" he coughs, spurting blood. "I did it only once. PLEA--"\r\n     Papa Barna\'s second slash to the neck misses and cuts deep into Oyigbo\'s shoulder, sending the latter into another ear-piercing scream. The third slash connects precisely as intended. And so do the subsequent ones. Oyigbo the butcher chokes in mid-scream and screams no more.', 'https://ununsplash.imgix.net/reserve/RONyPwknRQOO3ag4xf3R_Kinsey.jpg?w=1024&q=50&fm=jpg&s=c8e85e7825f6c74ff13321833a9bc28d', 1, '2017-03-21 12:53:31', '2017-03-21 12:53:31'),
(7, 'Con nai ngu ngốc', 'THE FOOLISH DEER', 'Ngày nọ, khi một chú nai đang gặm cỏ trong một khu đất trống, một vài thợ săn đã đến và bắn mũi tên vào chú nai. Chú nai đáng thương đã rất sợ hãi và trốn sau bụi cây.\r\n\r\nThợ săn bắt đầu tìm kiếm nó. Chú nai không thể nào giữ được sự nhẫn nại và bắt đầu gặm lá cây trong bụi rậm. Người thợ săn đã nghe thấy tiếng lá cây sột soạt. \r\n\r\nMột trong số họ đã nhìn thấy con nai sau cái cây và đã bắn chết chú nai tội nghiệp đó.\r\n\r\nBài học ở đây là chúng ta phải luôn kiên nhẫn và bình tĩnh tại những phút giây nguy hiểm và hãy tìm cách xử lý thông minh nhất.\r\n\r\n ', 'One day, when a deer was grazing in a jungle, some hunters arrived there and shot an arrow at him. The poor animal got scared and hid behind a bush.\r\n\r\nThe hunters started searching for him. The deer couldn\'t control his patience and started nibbling the leaves of the bushes. The hunters heard the rustling sound of the leaves. \r\n\r\nOne of them saw the deer behind the tree and shot an arrow at him and the deer fell down dead. \r\n\r\nSo, it\'s always said that at the time of danger, one should keep patience and behave intelligently.', 'https://unsplash.imgix.net/photo-1413920346627-a4389f0abd61?w=1024&q=50&fm=jpg&s=cfd43f65c77577abb3bf29c0d6a0775f', 2, '2017-03-29 10:12:02', '2017-03-30 01:02:42');
INSERT INTO `truyens` (`id`, `name_vn`, `name_en`, `content_vn`, `content_en`, `image`, `theloai_id`, `created_at`, `updated_at`) VALUES
(8, 'Phép màu từ bài hát của người anh trai', 'The miracle of a brother\'s song', 'Khi biết mình có thai, như những bà mẹ khác, Karen đã chuẩn bị tâm lý cho Michael đón nhận em mình. Bé sau sẽ là bé gái và tuy mới 3 tuổi nhưng Michael cứ áp đầu vào bụng mẹ, hát cho em nghe cả ngày lẫn đêm.\r\nThai kỳ diễn ra thật bình thường đối với Karen, một thành viên năng động của nhà thờ Panther Creek United Methodist ở Morristown, Tennessee. Và bỗng những cơn đau chuyển dạ bắt đầu. 5 phút một lần và rồi mỗi phút lại 1 cơn. Càng lúc càng đau. Chuyển dạ hàng giờ nhưng vẫn chưa sinh được. Liệu có bị chỉ định mổ không?\r\nCuối cùng rồi em gái bé nhỏ của Michael cũng chào đời nhưng bé lại ở trong tình trạng nguy kịch. Còi hú liên hồi, xe cấp cứu xé màn đêm khẩn cấp chuyển bé về trung tâm chăm sóc đặc biệt của bệnh viện St. Mary\'s Hospital, Knoxville, Tennessee. Thời gian như ngừng trôi. Bệnh tình của bé ngày càng trầm trọng. Chính các bác sĩ cũng trực tiếp nói chuyện với vợ chồng Karen "Hy vọng mong manh lắm. Gia đình nên chuẩn bị tinh thần cho tình trạng xấu nhất".\r\nKaren và chồng đã liên lạc với nghĩa trang địa phương để lo hậu sự cho con. Mới hôm qua họ còn sửa chữa, trang hoàng phòng riêng cho con gái, vậy mà giờ đây họ phải lên kế hoạch làm đám tang cho con.\r\nMichael vẫn vô tư nài nỉ bố mẹ cho mình vào bệnh viện thăm em, "Con muốn hát cho em nghe".\r\nCứ ngỡ là bé sẽ ra đi sau khi chào đời được 1 tuần. May mắn sao, một tuần đã qua đi. Mọi người lo lắng bước vào tuần thứ hai và Michael vẫn kèo nài xin được hát cho em nhưng trẻ con không được phép vào phòng chăm sóc đặt biệt. Karen quyết định. Cô sẽ dẫn con vào cho dù y bác sĩ bệnh viện có tán thành hay không. Không cho con gặp em bây giờ thì có thể sẽ chẳng bao giờ nó gặp được đứa em nó đã hát cho nghe từ khi còn nằm trong bụng mẹ.\r\nMặc cho Michael một bộ đồ khá rộng, Karen dẫn con vào phòng chăm sóc đặt biệt. Nhìn Michael cứ như cái giỏ đựng quần áo biết đi. Bất ngờ, hai mẹ con đụng đầu với cô y tá trưởng ngay ngoài cửa, "Trẻ con không được vào đây. Dẫn nó ra ngoài".\r\nNgười mẹ trong Karen choàng tỉnh. Người phụ nữ thường ngày vẫn hòa nhã lại nhìn người y tá trưởng với ánh mắt lạnh như thép, miệng đanh lại " Thằng bé chẳng phải đi đâu cho đến khi nó hát cho em nó nghe xong". Karen kéo Michael đến giường bệnh của em nó. Ngắm nhìn đứa em bé nhỏ đang lùi dần trong cuộc chiến giành lấy sự sống, Michael cất tiếng hát.\r\nGiọng trong trẻo, tràn đầy tình thương yêu, Michael hát "Em là ánh nắng, là tia nắng duy nhất của anh. Dù bầu trời toàn mây đen, em vẫn làm cho anh cảm thấy hạnh phúc..."\r\nNgay lập tức, bé gái có phản ứng. Mạch đập đều đặn dần.\r\nMichael vẫn hát.\r\n"Em không biết rằng anh thương em biết dường nào. Xin đừng mang ánh nắng đi..."\r\nHơi thở rối loạn giờ đã nhẹ nhàng, đều đặn. Michael vẫn hát.\r\n"Cưng ơi, đêm nọ khi nằm ngủ, anh mơ thấy mình ôm em...". Khuôn mặt của em Micheal bỗng trở nên thanh thản như đang ngủ. Michael vẫn hát. Nước mắt ướt đẫm khuôn mặt người y tá trưởng. Karen vui mừng.\r\n"Em là ánh nắng, là tia nắng duy nhất của anh. Xin đừng mang ánh nắng của anh đi..."\r\nKế hoạch chuẩn bị đám tang bị "đập tan". Ngày hôm sau và ngày hôm sau nữa... rất nhanh, cô bé hồi phục và được mang về nhà.\r\nTạp chí Phụ nữ đã đặt tên cho câu chuyện cảm động này là "Phép màu từ bài hát của người anh trai". Ngay cả y bác sĩ, những người làm khoa học cũng gọi đó là "Phép màu".\r\nKaren cho rằng đó là Phép màu từ tình yêu của Chúa.\r\nThông điệp qua câu chuyện này đó là: ĐỪNG BAO GIỜ BỎ CUỘC TRONG CUỘC CHIẾN GIÀNH LẠI NHỮNG NGƯỜI MÌNH YÊU THƯƠNG.', '"Like any good mother, when Karen found out that another baby was on the way, she did what she could to help her 3-year old son, Michael, prepare for a new sibling. They find out that the new baby is going to be a girl, and day after day, night after night, Michael sings to his sister in Mommy\'s tummy.\r\nThe pregnancy progresses normally for Karen, an active member of the Panther Creek United Methodist Church in Morristown,Tennessee. Then the labor pains come. Every five minutes every minute. But complications arise during delivery. Hours of labor. Would a C-section be required?\r\nFinally, Michael\'s little sister is born. But she is in serious condition. With siren howling in the night, the ambulance rushes the infant to the neonatal intensive care unit at St. Mary\'s Hospital, Knoxville, Tennessee. The days inch by. The little girl gets worse. The pediatric specialist tells the parents, "There is very little hope. Be prepared for the worst."\r\nKaren and her husband contact a local cemetery about a burial plot. They have fixed up a special room in their home for the new baby – now they plan a funeral.\r\nMichael, keeps begging his parents to let him see his sister, "I want to sing to her," he says.\r\nWeek two in intensive care. It looks as if a funeral will come before the week is over. Michael keeps nagging about singing to his sister, but kids are never allowed in Intensive Care. But Karen makes up her mind. She will take Michael whether they like it or not. If he doesn\'t see his sister now, he may never see her alive.\r\nShe dresses him in an oversized scrub suit and marches him into ICU. He looks like a walking laundry basket, but the head nurse recognizes him as a child and bellows, "Get that kid out of here now! No children are allowed.\r\nThe mother rises up strong in Karen, and the usually mild-mannered lady glares steel-eyed into the head nurse\'s face, her lips a firm line. "He is not leaving until he sings to his sister!" Karen tows Michael to his sister\'s bedside. He gazes at the tiny infant losing the battle to live. And he begins to sing.\r\nIn the pure hearted voice of a 3-year-old, Michael sings: "You are my sunshine, my only sunshine, you make me happy when skies are gray — "\r\nInstantly the baby girl responds. The pulse rate becomes calm and steady.\r\nKeep on singing, Michael.\r\n"You never know, dear, how much I love you, Please don\'t take my sunshine away—"\r\nThe ragged, strained breathing becomes as smooth as a kitten\'s purr. Keep on singing, Michael.\r\n"The other night, dear, as I lay sleeping, I dreamed I held you in my arms..." Michael\'s little sister relaxes as rest, healing rest, seems to sweep over her. Keep on singing, Michael. Tears conquer the face of the bossy head nurse. Karen glows.\r\n"You are my sunshine, my only sunshine. Please don\'t, take my sunshine away."\r\nFuneral plans are scrapped. The next, day-the very next day-the little girl is well enough to go home!\r\nWoman\'s Day magazine called it "the miracle of a brother\'s song." The medical staff just called it a miracle.\r\nKaren called it a miracle of God\'s love!\r\nThe message in this story is that: NEVER GIVE UP ON THE PEOPLE YOU LOVE.', 'https://ununsplash.imgix.net/reserve/r0r252VR6WqPRsxngGUE_telefoon%20politie.jpg?w=1024&q=50&fm=jpg&s=30a261ce928af70d4f9a3fe0cf394bc3', 3, '2017-03-29 14:42:40', '2017-05-05 11:45:29'),
(9, 'Mỗi bức tranh đều có 2 mặt', 'EACH PICTURE HAS TWO SIDES', 'Một hôm, một con la đang rất vui tươi, phấn khởi.Vì thế, cô ấy bắt đầu vẫy cái đuôi và chạy khắp quãng đường dài. Do đó, cô ấy tin chắc, cô ấy có thể chạy nhanh hơn bất kì các động vật nào chạy nhanh nhất trên trái đất.\r\n\r\nĐang nô đùa thì con la nghĩ: " Mẹ là một con ngựa cái. Bà ấy chắc hẳn là một chiếc xe đua. Đó là lý do tại sao tôi chạy nhanh như vậy."\r\n\r\nSau một thời gian, cô ấy cảm thấy mệt và muốn được nghỉ ngơi. Vì vậy, cô ấy không chạy nữa và đứng lại một chỗ.\r\n\r\nCon la tự hỏi mình:"Tôi thừa hưởng sự mệt mỏi này từ ai?"\r\n\r\nCô ấy nghĩ rất nhiều và tự nói vơi bản thân:" Tôi chắc chắn đã thừa hưởng từ bố mình, ông ấy chỉ là một con lừa. Ông ấy đã từng mang vác nặng và ngày càng trở nên kiệt sức."', 'One day a mule was in a very playful mood. So, she began to frisk about and run over long distances. Thus she got convinced that she could outrun even the fastest animal on the earth.\r\n\r\nWhile frisking, the mule thought, “My mother was a mare. She must have been a racer. That’s why I am able to run so fast.”\r\n\r\nAfter some time, she got tire and wanted to take rest. So, she stopped running and stood still at a place.\r\n\r\nThe mule asked herself, “From whom have I inherited this fatigue?”\r\n\r\nShe thought hard and said to herself, “I must have inherited it from my father who was just a donkey. He used to carry heavy loads and was all the time exhausted.”', 'https://ununsplash.imgix.net/photo-1422479516648-9b1f0b6e8da8?w=1024&q=50&fm=jpg&s=c5f2b3df2a4c71532b3b354b8766503c', 2, '2017-03-29 15:34:44', '2017-05-05 11:45:34'),
(10, 'KHÔNG BAO GIỜ BỎ CUỘC', 'NEVER GIVE UP', 'Một ngày nọ, con lừa của người nông dân bị rơi xuống giếng. Con vật khóc lóc một cách thảm thương hàng tiếng đồng hồ trong khi người nông dân cố tìm ra cách để cứu nó lên. Cuối cùng, người nông dân quyết định rằng dù sao lừa cũng đã già và cái giếng thì đằng nào cũng cần được lấp, do đó cho rằng không đáng để cứu lừa nữa.\r\nÔng gọi những người hàng xóm sang để giúp mình. Họ cầm lấy cái xẻng và bắt đầu xúc đất đổ vào giếng.\r\nLúc đầu, con lừa hiểu ngay điều gì đang xảy ra với mình và càng khóc lóc dữ dội hơn. Sau đó, trước sự ngạc nhiên của mọi người, nó bắt đầu im lặng dần. Sau một vài xẻng, người nông dân nhìn xuống giếng và kinh ngạc trước những gì ông thấy. Hóa ra cứ sau mỗi xẻng đất đổ xuống lưng, chú lừa lại làm một việc đáng ngạc nhiên. Chú ta rũ hết đất xuống và đứng lên chỗ đất đó.\r\nKhi những người hàng xóm tiếp tục công việc đổ đất xuống đầu con vật, nó lại tiếp tục giũ hết đất và lại bước lên.\r\nChẳng mấy chốc, mọi người nhận ra rằng chú lừa đã bước lên đến miệng giếng và thoát ra ngoài.\r\nBài học: Cuộc đời có thể trút mọi thứ xuống đầu bạn, kể cả những thứ bẩn thỉu nhất. Bí quyết là không bao giờ để chúng quật ngã mình. Chúng ta có thể thoát ra khỏi chiếc giếng sâu bằng cách không dừng lại và không bao giờ bỏ cuộc. Hãy thoát khỏi những rắc rối và tiến lên.', 'One day a farmer\'s donkey fell down into a well. The animal cried piteously for hours as the farmer tried to figure out what to do. Finally, he decided the animal was old, and the well needed to be covered up anyway; it just wasn\'t worth it to retrieve the donkey.\r\nHe invited all his neighbors to come over and help him. They all grabbed a shovel and began to shovel dirt into the well. At first, the donkey realized what was happening and cried horribly. Then, to everyone\'s amazement he quieted down.\r\nA few shovel loads later, the farmer finally looked down the well. He was astonished at what he saw. With each shovel of dirt that hit his back, the donkey was doing something amazing. He would shake it off and take a step up.\r\nAs the farmer\'s neighbors continued to shovel dirt on top of the animal, he would shake it off and take a step up. Pretty soon, everyone was amazed as the donkey stepped up over the edge of the well and happily trotted off!\r\nMORAL :\r\nLife is going to shovel dirt on you, all kinds of dirt. The trick to getting out of the well is to shake it off and take a step up. Each of our troubles is a steppingstone. We can get out of the deepest wells just by not stopping, never giving up! Shake it off and take a step up.', 'https://unsplash.imgix.net/photo-1416400453940-65c69d70ad91?w=1024&q=50&fm=jpg&s=54806c1456b35f1d56ca356663d1bdd2', 3, '2017-03-29 15:50:04', '2017-03-30 01:06:23');

-- --------------------------------------------------------

--
-- Table structure for table `users`
--

CREATE TABLE `users` (
  `id` int(11) NOT NULL,
  `first_name` varchar(255) COLLATE utf8mb4_unicode_ci DEFAULT NULL,
  `last_name` varchar(255) COLLATE utf8mb4_unicode_ci DEFAULT NULL,
  `email` varchar(255) COLLATE utf8mb4_unicode_ci DEFAULT NULL,
  `password_digest` varchar(255) COLLATE utf8mb4_unicode_ci DEFAULT NULL,
  `created_at` datetime NOT NULL,
  `updated_at` datetime NOT NULL
) ENGINE=InnoDB DEFAULT CHARSET=utf8mb4 COLLATE=utf8mb4_unicode_ci;

--
-- Dumping data for table `users`
--

INSERT INTO `users` (`id`, `first_name`, `last_name`, `email`, `password_digest`, `created_at`, `updated_at`) VALUES
(1, 'lumos', 'nysm', 'lumosnysm@email.com', '$2a$10$tC1ZFMn.DzPLH3XyJZ8rLuRaFp4Va7ObKgHM6nWuRNyq3KlIsy0T.', '2017-03-20 14:59:00', '2017-03-20 14:59:00'),
(2, 'lord', 'voldermort', 'voldermort@email.com', '$2a$10$7cWs7l/fQVkOxy5WStT60O6eA9.oMwzk.KQnLbwLtE9nP6kcgIuI2', '2017-03-29 14:39:07', '2017-03-29 14:39:07'),
(3, 'Ngô', 'Hải Yến', 'myemail@gmail.com', '$2a$10$3uh4yp8n64J7PEYzMPzkLuhFjcEWF8LoUOl0kHp67zjLYTXmkoc9q', '2017-03-29 15:14:15', '2017-03-29 15:14:15'),
(4, 'admin', 'lumosnysm', 'admin@gmail.com', '$2a$10$IhxzrCKA5vnDl4Gi6SnHGOQoOUKHSfmlpLjGLbS32rbpf1vZ6nkRq', '2017-05-01 10:37:19', '2017-05-01 10:37:19'),
(5, 'a', 'a', 'a@email.com', '$2a$10$FcElYUzr.mHaAhUP2cDhJu4fiPqOW/TGdRyXoYmUoD2U.gnvCAKtC', '2017-05-01 12:26:36', '2017-05-01 12:26:36'),
(6, 'long', 'vu', 'vuhoanglong@email.com', '$2a$10$.JPcVObzjD7WbafyetcAeuWWM7feW6N44SYefQj95HUITfDKZGFBa', '2017-05-05 10:17:46', '2017-05-05 10:17:46'),
(7, 'this is', 'a test', 'vuhoanglongtest@email.com', '$2a$10$ms2c1sIxkslihhNun17BuOelYkcCEzDRGHyOSi6BDpti.bM.HOzVi', '2017-05-06 08:24:32', '2017-05-06 08:24:32');

--
-- Indexes for dumped tables
--

--
-- Indexes for table `ar_internal_metadata`
--
ALTER TABLE `ar_internal_metadata`
  ADD PRIMARY KEY (`key`);

--
-- Indexes for table `binhluans`
--
ALTER TABLE `binhluans`
  ADD PRIMARY KEY (`id`),
  ADD KEY `index_binhluans_on_truyen_id` (`truyen_id`);

--
-- Indexes for table `finalrates`
--
ALTER TABLE `finalrates`
  ADD PRIMARY KEY (`id`),
  ADD KEY `index_finalrates_on_truyen_id` (`truyen_id`);

--
-- Indexes for table `ratings`
--
ALTER TABLE `ratings`
  ADD PRIMARY KEY (`id`),
  ADD KEY `index_ratings_on_truyen_id` (`truyen_id`);

--
-- Indexes for table `schema_migrations`
--
ALTER TABLE `schema_migrations`
  ADD PRIMARY KEY (`version`);

--
-- Indexes for table `theloais`
--
ALTER TABLE `theloais`
  ADD PRIMARY KEY (`id`);

--
-- Indexes for table `truyens`
--
ALTER TABLE `truyens`
  ADD PRIMARY KEY (`id`),
  ADD KEY `index_truyens_on_theloai_id` (`theloai_id`);

--
-- Indexes for table `users`
--
ALTER TABLE `users`
  ADD PRIMARY KEY (`id`);

--
-- AUTO_INCREMENT for dumped tables
--

--
-- AUTO_INCREMENT for table `binhluans`
--
ALTER TABLE `binhluans`
  MODIFY `id` int(11) NOT NULL AUTO_INCREMENT, AUTO_INCREMENT=3;
--
-- AUTO_INCREMENT for table `finalrates`
--
ALTER TABLE `finalrates`
  MODIFY `id` int(11) NOT NULL AUTO_INCREMENT, AUTO_INCREMENT=12;
--
-- AUTO_INCREMENT for table `ratings`
--
ALTER TABLE `ratings`
  MODIFY `id` int(11) NOT NULL AUTO_INCREMENT, AUTO_INCREMENT=41;
--
-- AUTO_INCREMENT for table `theloais`
--
ALTER TABLE `theloais`
  MODIFY `id` int(11) NOT NULL AUTO_INCREMENT, AUTO_INCREMENT=5;
--
-- AUTO_INCREMENT for table `truyens`
--
ALTER TABLE `truyens`
  MODIFY `id` int(11) NOT NULL AUTO_INCREMENT, AUTO_INCREMENT=11;
--
-- AUTO_INCREMENT for table `users`
--
ALTER TABLE `users`
  MODIFY `id` int(11) NOT NULL AUTO_INCREMENT, AUTO_INCREMENT=8;
/*!40101 SET CHARACTER_SET_CLIENT=@OLD_CHARACTER_SET_CLIENT */;
/*!40101 SET CHARACTER_SET_RESULTS=@OLD_CHARACTER_SET_RESULTS */;
/*!40101 SET COLLATION_CONNECTION=@OLD_COLLATION_CONNECTION */;
